I1,I2,I1MAX,I1MIN,I1VAR,I2MAX,I2MIN,I2VAR,I3,I4,I3max,I3min,I3var,I4MAX,I4MIN,I5,I6,Itotal1,Itotalmax1,Itotalmin1,Vdcmean1,Vdcmax1,Vdcmin1,Pdcmean1,IR,T,range 1,range 2,range 3,range 4,class
3.164545205830996,4.021952192854444,3.6925419066871465,3.160349712607818,0.008327615366409488,3.7899066633898673,3.940190407667979,0.0148434893930669,3.6477520905382548,3.647064102934706,3.6950148986690055,3.635966646371087,0.0002523477717861009,3.694615381709931,3.635431314979354,3.6475953252301383,3.6475953259635605,427.82748973651337,457.9566737715542,396.3792662188659,519.9744090985264,520.4173842427442,509.69596388469466,165.9064787086052,641.4109385545569,18,0.8106,0.0947,-0.8883,0.0,2
0.286497628867232,0.5752418586111738,0.9621787985396214,0.26701380506241335,-0.013371366138759467,0.982338892455189,0.5556204701243607,-0.02468268723953024,0.9455954231647677,0.9467404184016092,0.9623916134748048,0.9355033319937819,7.021557074351963e-05,0.9630565164655246,0.9363942664968237,0.9458563225329674,0.9458563213123569,424.143627739563,455.69383400321635,391.521966883282,506.1344155121854,515.9192942617808,494.3277969121175,42.35770904819149,163.01634692504206,11,0.23182,0.019,-0.23733,0.0,2
2.870158227139568,2.901582464314353,2.4241206688351276,2.8772005925260418,0.015235363860013073,2.4502841828412354,2.88722203337636,0.027935025327369516,2.4685281600757554,2.3777325854524216,2.4720113773385592,2.4243140024066583,2.3776297913815813e-05,2.424459032338303,2.37360590028007,2.4266329495894516,2.4266329509705855,428.85971126465165,457.8842691324366,396.6999503771507,497.21055248587766,494.8567756809166,493.62981090495447,105.52686466766359,428.137765554786,33,0.0712,0.0244,-0.0896,0.0895,3
2.546027796807118,2.175848533918486,2.2751883010126828,2.881637051745489,0.018350570589725237,2.2764645438709232,2.8073812650426593,0.03358656995408915,2.25663729558396,2.2550825743006935,2.276257173034819,2.251640283988635,5.2164105851806315e-05,2.2753543406057246,2.2504305367431385,2.2562830357691768,2.2562830374265714,429.5657069098878,458.9191541723091,398.4400188357742,517.7711749509579,507.32816160198075,499.4877936572208,100.36299473412588,502.9194208056221,24,0.0227,0.0227,0.0,0.0,4
3.0806781513088155,3.3334565191021213,4.14047863416786,3.055587277370116,-0.028059693083316562,4.175619301109481,3.2892873806603786,-0.051459273818232246,4.208896368918178,4.0656832318786265,4.212537664132551,4.142680539818934,-3.819272299696458e-05,4.140423724327194,4.0618377864668425,4.139740241083165,4.139740238538674,423.39427447684824,454.98238857023205,395.6946676178015,500.099702390048,505.3246171047614,505.62279962518994,184.77176691965732,724.0035534306965,27,0.119,0.0364,-0.1456,0.1456,3
2.0894619317797907,2.1569247682357218,2.732679697725687,2.05140467459874,-0.0170382170098683,2.7314464062658366,2.1231614150919524,-0.03176602963089582,2.684739082958425,2.6862414807730093,2.7316467981266315,2.6601991751055705,0.0006007699939481513,2.732519246122943,2.661368208833607,2.685081420313199,2.6850814187115835,423.64232356866313,455.43230884637154,390.68921532822174,516.0008065458636,525.6725949208746,504.67612320005037,123.29107793099803,466.53001060076525,12,0.0733,0.0733,0.0,0.0,0
1.3354985218357476,1.6652318780950346,1.4737633244695967,1.335503900307373,0.005268892150812681,1.5094301637792578,1.6339600460741952,0.009635336382120106,1.5350348947009573,1.1848880104119786,1.5356705577459162,1.4743195730725376,8.012735703915954e-06,1.4740110503779493,1.181471847056649,1.4743330673527717,1.4743330678291682,427.22185072410304,456.66953535748587,394.18376316678757,484.94991592377255,484.2235013178377,483.6496770995495,62.740687856240704,259.3606657972494,35,0.3191,0.0346,-0.3498,0.3497,3
2.5069257237769023,2.6215407671502033,2.6982326698952144,2.486011905238996,-0.0014224733604138316,2.7155025994343545,2.604479809996001,-0.0031315085630143433,2.7017072931901236,2.59436574525316,2.733823733985703,2.6876190969920817,0.00020755209897577152,2.698415747687777,2.5768423904395084,2.6556433981814855,2.6556433980125695,426.2534157828602,457.04415365254795,394.22863795126773,515.9907222824099,520.6062931460461,503.387288995899,120.79544577797101,464.68098242979846,16,0.1481,0.0546,-0.1075,0.1075,3
1.6354126163290046,1.6241992763301618,1.5442285899270798,1.635383200187651,0.0029397203815140303,1.544433581551854,1.6234561486340933,0.005387704768691546,1.5364685837271599,1.5362188625711357,1.5444002734049371,1.5341923804380524,7.854944190369915e-06,1.5442552594012593,1.5339980694165891,1.5364116821002043,1.536411682366417,427.4001379117843,457.5756145366752,395.0167883292948,497.4511038588723,497.42224268540724,494.1118729992468,67.20446094304238,270.2307864512058,27,0.0099,0.0099,0.0,0.0,0
4.845823919968071,5.203895807859412,5.379369584754807,4.813042966043908,-0.010458952289589814,5.522638856689398,5.063759002088678,-0.019187265605792994,5.384127019944206,5.385017194152224,5.392057589334137,5.37635512701302,-8.021364112090054e-06,5.392574516806085,5.37704778222251,5.384329855625077,5.384329854676116,498.6523458210953,501.2444645462032,494.27135143018893,500.88126706203457,502.9864840926437,502.832975725413,238.48242133009313,945.3539579079269,30,0.2061,0.1419,-0.3181,0.0,2
4.92340570234947,4.932537290992109,4.396497008525395,4.930405473883828,0.017303210863837647,4.421904808430845,4.9222319114660085,0.0317262065251781,4.43613264989859,4.359461305940185,4.442108558575559,4.396494469357514,2.8373424936980427e-05,4.396854143668978,4.353549599006785,4.396497388495921,4.396497390064432,429.3654305483874,458.5171479725113,397.65408449797076,507.3633035074724,504.4472812016267,503.47374722455515,194.64516304871395,774.8195195201828,30,0.0615,0.0236,-0.0752,0.0752,3
1.8785234940370643,1.7348209857600403,1.9874290572895377,2.480190450651043,0.01620917918771107,1.9885231644072685,2.4165318889284877,0.029106764851274152,1.9559425172364058,1.9546096740309564,1.9883453879704984,1.9401020628495869,0.00024622026358514504,1.9875714009660561,1.9390649615930302,1.9556388147064545,1.9556388161273184,428.5924129776928,458.3809248394446,397.8120003534699,511.00544793835013,520.7229281701842,499.53396895892485,88.41639507318672,470.6086306386824,14,0.0466,0.0466,0.0,0.0,4
1.5679268702611953,1.5516435104907695,1.8592754162275844,2.001921040234602,0.004264193274939763,1.859573093135309,1.9846012700798545,0.00781901373814791,1.424246104302182,1.4238834737722728,1.8595247249827704,1.8549776207345192,6.708910839085669e-06,1.8593141440859207,1.8546954535773497,1.85665086366537,1.8566508640519488,427.4500998249839,457.2966671362807,394.81566411694854,494.4697521483944,493.8717707300989,493.1650625490823,61.89108390899281,349.6895201383668,31,0.0041,0.0041,0.0,0.0,5
2.1642728363569232,2.08303429406343,2.039939463826312,2.7254611359109178,0.021495265414601884,2.0414245896479444,2.6390518874470015,0.03923045253922822,1.447441903018297,1.4456327201434929,2.041183278379197,1.9923526516600651,0.00025445096026158214,2.040132679157898,1.990944904803474,2.0081169697960877,2.0081169717247485,429.3938202639993,458.8494311888915,398.9885156055842,519.086502635088,521.1850027597287,499.84273947787597,65.39540480392029,383.65019541996753,14,0.0466,0.0466,0.0,0.0,5
1.1082344130571555,1.0673771177538227,0.9270940778261555,1.2862299873593979,0.010704623638644026,0.9278409920683858,1.242772189105526,0.019624180257384098,0.7477186738631787,0.7468087816262333,0.9277196294061706,0.9175277804413551,2.1982072907941742e-05,0.9271912516015199,0.9168197823974672,0.9203324719107309,0.9203324728807121,428.32082834656484,458.274929223297,396.9273502910149,500.42961944208736,499.94264343485327,492.89980579671595,32.861946409535484,173.2874662764268,20,0.00907,0.00907,0.0,0.0,5
0.6091088351155696,0.6494631869459159,0.9681306412339798,0.6004572578393367,-0.010566066356784552,0.9673929213263285,0.6433801010547048,-0.019375825380015078,0.965186712317205,0.9660854039996766,0.9675127900433774,0.964620829317406,-1.4925537973919241e-05,0.9680346636444055,0.9653201120757513,0.9653914887954109,0.9653914878373698,425.4680157819917,456.45608714007943,392.2003140502488,490.4249662971174,492.7282216934241,490.54745457070646,41.756248193208855,168.17554655230705,26,0.004,0.004,0.0,0.0,0
4.099465307647259,4.15255288290896,3.9023640067176126,4.091893548006589,0.00930772190753839,3.923800414381178,4.143665366875822,0.016881172762051276,3.9032881696481425,3.8146128967187067,3.9448970074250145,3.8900411369405528,0.00016628597924371475,3.9026468035527015,3.800737887791662,3.859311515448226,3.8593115162746976,428.04434102909636,458.1025237060073,396.6048529604251,519.6939339264817,519.8720556101049,510.21254354224743,175.71866033902043,679.2392614219768,19,0.1242,0.0562,-0.0879,0.0879,3
-0.5240646655332519,-0.47761354332518857,2.217826018810531,1.582868785104245,-0.012158836655421643,2.2169768618222143,1.6322753849488767,-0.022299363381585578,2.22043561955515,2.2214700640842966,2.2237619694383075,2.217505218786479,-1.5511568117380076e-05,2.224362675222081,2.218310132460219,2.2206713287663393,2.2206713276635806,425.1015208662801,455.9166384244713,391.36627168198675,554.2458378717635,495.8861558759305,495.2927704391474,96.78667260853292,388.3319983227237,31,0.216348773,0.216348773,1.64313e-14,7.54952e-15,1
3.430751262292394,3.7954408566824576,3.2143546052419447,3.3662403228553255,0.017294002228014426,3.2829613447414494,3.742528458160041,0.031696854653951535,3.221090039730281,3.2196199875602542,3.2257652671866515,3.2150527706752996,2.760110406176524e-05,3.224911602426385,3.213908905480575,3.2207550726753627,3.2207550742424966,429.0532572072065,457.90587742735886,396.9108938992689,499.2093146463765,496.46602809880216,495.33290986795043,140.24876693112807,567.792461063224,34,0.443,0.0639,-0.4307,0.0,2
2.2546013290106113,2.245415507952997,2.3546033648148907,2.25020487015071,0.002474018258832977,2.354771291265322,2.2404343859482125,0.004479374962078207,2.3305821982113746,2.3303776299155965,2.3577794446682234,2.3240607247879455,7.748194568776322e-05,2.357660651098353,2.3239015477476643,2.33053558514487,2.330535585362948,427.22091866698213,457.5904390070677,395.16650880982274,509.10499036771523,510.26992363073276,500.73729353792504,104.27111358764017,409.2849916560392,22,0.187181106,0.187181106,8.88178e-15,1.06581e-14,1
21.49326198954752,21.492335436398854,1.7484991927782398,1.4691871319434804,0.0003834182402242285,1.7485161311423136,1.4682016051359137,0.0005856940690185004,1.7230024754476243,1.7229818411028686,1.7512562489053882,1.7121398968505421,0.00015042554186230918,1.7512442664646775,1.7121238410198285,1.7229977736922486,1.7229977737142457,426.55337030323767,457.2176159166799,394.6712382371753,60.30892615871153,515.645300502154,498.2633203917938,77.4681033514541,301.4322174888883,16,0.287662156,0.287662156,9.99201e-15,6.66134e-15,1
4.488681881219401,4.5181188930663305,4.784832555340662,4.471846230326507,-0.007615595716197779,4.78429441586682,4.503156861941819,-0.014041990119103495,4.74842756450235,4.749083126951102,4.784381855676501,4.7374901294749145,8.107250406534845e-05,4.784762543227639,4.738000230465467,4.748576941393355,4.748576940694499,442.2470632578861,456.6952181574239,438.02082093663677,516.8457152256885,519.1640698667034,512.8950545870349,216.96407011360046,834.2682552434161,19,0.0477,0.0477,0.0,0.0,0
0.9834920725529661,3.9073088820482784,3.580725079407316,3.9422690195125556,0.022813150153061717,3.5823168419771587,3.849655312721099,0.041821780009825976,3.5832000477728747,3.581260959824792,3.590444665793324,3.574375110995107,4.1135826439651345e-05,3.589318630213032,3.572866283445619,3.5827582059168908,3.5827582079840354,430.24390772091624,459.2310942966808,399.19177671042013,559.8298016574549,508.22074142876124,506.3976927950002,159.4029969262473,632.6171232265864,27,0.423146392,0.423146392,1.15463e-14,1.55431e-14,1
2.721300821702492,2.8582176361182388,2.834032680953916,2.7111147470045847,0.0008287690296951006,2.859783560507646,2.8499544160104353,0.0013989663073637826,2.8677426075384886,2.7279806259770982,2.8873752933228154,2.8348988733384917,4.657098246095592e-05,2.8342393003996906,2.7184506447434567,2.8088284843791196,2.8088284844451943,426.9842795259572,457.4509622857978,394.81308876630925,510.97139035686035,512.51012538191,504.0101773778402,126.2968934209186,493.2982973357454,22,0.148,0.0319,-0.1397,0.1397,3
30.164988309896106,30.178963930408937,5.502470504768641,5.126361274932333,-0.0036459507795180246,5.502215015756764,5.141226421834746,-0.006696968658228782,5.511494966944575,5.5118062041059375,5.520511351992012,5.502567625937251,6.258817714714385e-06,5.520692088568685,5.5028098032990105,5.5115658856489915,5.5115658853172,506.402592126885,507.94125787759486,503.77164388510613,69.80861865597674,513.8056845465964,512.6419978033302,249.0918341746414,969.4806679871241,23,0.25016095,0.25016095,3.55271e-14,3.10862e-14,1
2.4792403105309617,2.718152188289663,2.7686394727800248,2.4582208385642823,-0.0021437480384414614,2.811769241880788,2.6967254027797543,-0.004340914181585144,2.7240062607863202,2.7242136363656653,2.769796901917181,2.6982525850294996,0.0005299667471207964,2.769917325687056,2.6984139464507377,2.7240535135223056,2.724053513301235,425.9111054800144,456.78603467463614,393.9578013574921,518.6296533348831,525.3688347562204,504.7555760387559,124.53320752280702,475.6562055533386,13,0.2265,0.0412,-0.2296,0.0,2
1.0499432891640292,1.005119687824531,0.8630413026321603,1.2644615586937524,0.011737176308789697,0.8638607251117926,1.2167850052273022,0.021522617244985828,0.6544297425556923,0.6534315206570583,0.8637275809193479,0.8599668261572254,1.7495325495462236e-05,0.8631479097517764,0.8591900977459891,0.8612737161956954,0.8612737172598395,428.65943665913755,458.31180631963815,396.86551644612746,489.2523690323317,487.6583278629939,485.97706240840085,28.225664631159376,168.28542128649067,27,0.00253,0.00253,0.0,0.0,5
5.08848176831183,5.13247174317376,4.835967118582883,5.08307263485165,0.009085034162399147,4.873899826169317,5.111659735739138,0.016639149157802936,4.883290559629554,4.803819794140557,4.89519702042168,4.836346707372686,3.371809495774544e-05,4.836249434036786,4.791846965517167,4.841714932497983,4.84171493331965,440.46675758425346,457.82809038961466,434.1237199963584,505.7100155834378,504.7376831552707,503.12962175174266,214.48634234985784,852.1448462801266,30,0.0648,0.0367,-0.0786,0.0787,3
3.7426380763496203,3.7771335866454048,3.512572987851818,3.734263416258722,0.010159381269022293,3.52965860928857,3.767271824436998,0.018301616857941884,3.502706752373672,3.4298715271396194,3.5465472058125993,3.4882174173100013,0.00028560189807663874,3.5128621874141146,3.414567518555068,3.4665164374021704,3.4665164382925537,427.99520647625883,458.06149010579287,396.72292964880273,521.0290582234145,522.000212505972,509.20140552540727,158.18550616611856,609.4950529123746,17,0.1163,0.0598,-0.072,0.072,3
0.43572947472052104,0.8431098083630217,0.839368158300509,0.8379451285943,0.010144895805082961,0.8400740198692099,0.7968759028205724,0.018574206522497073,0.8317474136655987,0.8308875318673867,0.8425724916672283,0.8266849919261677,3.4006440066711444e-05,0.8420731551102711,0.8260159076034433,0.8315514804331612,0.8315514813498293,427.79457807479577,457.91607219720436,396.64100539863864,563.4527453307629,507.29930717297896,493.12088668015343,36.74334361961012,147.01152185635092,14,0.349391224,0.349391224,3.60822e-15,4.21885e-15,1
4.325484259217381,4.337355347591482,3.236370435860437,4.314450462054409,0.03871695757385014,3.2560906388039252,4.329398889351376,0.06931712395850974,3.244281636612207,3.085789700801233,3.272064894070746,3.223129406174597,0.0003146336165492213,3.236911325078829,3.0532457227023966,3.1894543200176733,3.189454323420404,431.3402027794609,459.8694450025407,402.1637884118832,531.7362495076491,533.2263459997056,507.9090606729184,146.21444374757982,561.8599123076802,10,0.2136,0.0633,-0.1552,0.1553,3
3.0298586847979396,3.0424930537058197,3.3149063843483595,3.0111181148026076,-0.0033015209977412404,3.314675414823607,3.0245566415329574,-0.006059730222782384,3.3087817422683465,3.309063109747584,3.31891645700009,3.305057377208362,6.314874275931416e-07,3.3190798481413077,3.305276312612826,3.3088458548473363,3.3088458545473873,426.50860742202616,457.1190680581858,393.86010205771305,507.794733639465,508.7661083128379,506.32590277933923,148.05101261529387,581.1063335536339,25,0.189927348,0.189927348,2.17604e-14,7.99361e-15,1
0.6337910603957342,0.6529029927395623,1.9321799374068223,0.42710185184262717,-0.004080230755398789,1.9318305512235674,0.44743022879155325,-0.008252556930411149,1.9026799182748115,1.90310554113466,1.9346560573786182,1.8834486698353108,0.00030370864158027353,1.9349032181556471,1.883779852078626,1.9027769009797633,1.9027769005260324,425.44946750356166,456.48508783127903,393.3449166112218,547.322262183419,522.7648911892161,499.7205617777423,85.90150347971887,331.0846869201526,12,1.332841369,1.332841369,9.21485e-15,6.88338e-15,1
3.497527866279458,3.175267809839296,4.9351707177939375,4.577306548955869,-0.00980290766562672,4.934483932511392,4.61726585695287,-0.017996925587671853,4.925936726206142,4.9267733692391795,4.9345955250953155,4.916327061669011,7.436037046867623e-07,4.935081366814941,4.916978063630309,4.926127364238254,4.926127363346359,456.8924081787675,459.3871154106718,452.533568517871,501.02507967085955,501.60841215427456,500.987675436024,217.54747379162166,1206.654159125552,31,0.0193,0.0193,0.0,0.0,4
3.9309272158176696,3.8809822785421377,4.575614109385228,5.015517840422409,0.013081296190243154,4.576527155261159,4.962393985996703,0.02398477603493541,3.490224133364328,3.4891118592804866,4.576378798633367,4.56480742356401,2.257903883746405e-05,4.57573289693784,4.563941949781894,4.570538800837297,4.570538802023026,429.9013212703179,458.4239829372397,408.4272148728291,510.96454616271967,508.7989644949114,507.9909927456779,155.90611175732928,862.4040864690973,27,0.0102,0.0102,0.0,0.0,5
2.9988555899940352,4.499611090409275,3.814599587466668,2.678876146567478,0.02177909002235715,3.8859866502987988,4.46475419679641,0.03910943868448741,3.772089712947064,3.770278170402681,3.819745024294118,3.757211488227301,0.0002634817331087823,3.8186930548039233,3.7558019052835583,3.7716769336707063,3.7716769356018824,429.7177902386095,459.06175205412916,399.15434377280855,523.4137889633523,521.6372917636096,510.27426905109246,171.09961089900625,664.9454922754499,18,1.8688,0.0663,-1.5821,0.0,2
1.5122841493168575,1.5070169958679853,1.8899307866694468,1.9308983689431802,0.0013813987719982525,1.890027075762931,1.925295969414433,0.002531271103439044,1.4658079519824394,1.4656906524402562,1.8900114301906994,1.8833668060642057,4.23682458360702e-06,1.8899433139104755,1.8832755338859823,1.8864228446897466,1.8864228448147926,427.03734805609076,457.0553705723786,394.20971910030414,494.1122045126712,494.3937867393692,492.68603532278075,63.71247204245603,380.3052417335071,31,0.0065,0.0065,0.0,0.0,5
3.3831236764971178,3.739606741907644,4.055606132705897,3.348788381502077,-0.009325161423130123,4.09368982514339,3.7180653877487435,-0.01848564689425854,4.100466381330775,3.784038988456922,4.130706214666893,4.0569820930637075,0.0001282421783633169,4.055712940869091,3.76266107911646,3.9953652141648104,3.9953652132345763,424.88190117479843,456.21174274058274,392.3647405096338,520.8855117437249,525.8935250881083,511.86436297139466,184.25940238913736,699.7219269470787,14,0.3537,0.0649,-0.3173,0.3173,3
4.641848626524396,5.0669722315376235,5.365161594310668,4.613390499368007,-0.00939915951580548,5.42296282669128,5.043346977063559,-0.017880265176302507,5.301025264972808,5.301876504909554,5.369876366230043,5.279125900013355,0.0006574613830844475,5.37037068442592,5.279788260000202,5.301219229065005,5.301219228157549,490.7378499365235,492.0527585504097,488.8375155058023,523.5314906237793,527.6942523881996,516.4282135040803,245.5851991729483,930.1694949729459,13,0.4073,0.0765,-0.3869,0.0,2
2.008398465799827,3.907734893778813,3.4423153274986222,1.9583121930087855,0.01790769452058182,3.508067104241434,3.858334856049318,0.025008893541505827,3.389301018835109,3.388141562741457,3.444612454413098,3.3599829064231312,0.0007572242991156217,3.4439391539490685,3.359080719754263,3.3890368244065594,3.389036825642586,428.02070161354237,457.9603890474129,397.21375010543477,526.9202375827562,530.7247335316298,509.5915768321851,155.15089195243357,594.286557542802,11,1.9532,0.0626,-1.9514,0.0,2
5.580588138901521,5.999852895692885,5.544539199453048,5.567949160744716,0.015847945082931466,5.606694660298192,5.986739159596291,0.028241056707606037,5.476045119524561,5.4747593552760065,5.550623163316628,5.450237884057534,0.0008448867839634236,5.549876515237476,5.449237415501022,5.475752144436711,5.475752145807387,488.5932060135999,488.36462008750146,488.43571965210725,531.2302594263355,531.3772591002274,517.9734516728639,253.82628990754768,963.9322724508471,12,0.4969,0.0778,-0.477,0.0,2
3.2866487870912215,3.2411613736961704,4.276070951770405,4.657203481495967,0.011936846559914591,4.276902509431156,4.608820865374743,0.021867204313774515,2.8852779096900143,2.884264904692507,4.276767393448907,4.24671841190839,4.3603763391120644e-05,4.276179137680862,4.245930180590919,4.257602364417237,4.25760236549714,428.6143081613721,458.42634631311745,397.12202934315485,515.9480171655068,514.6326682481922,510.7266450348422,130.2087592979666,852.7355096494193,23,0.0288,0.0288,0.0,0.0,5
2.4621892246046153,2.490682410202729,2.9010093173336653,2.4447453196482103,-0.007276089565065681,2.900488431994297,2.475052051949992,-0.01349643724847955,2.8653938897714406,2.8660284332033807,2.9039534662589714,2.8531917717222575,0.00018793669269509346,2.9043219479889064,2.8536855175641644,2.8655384772554418,2.865538476578993,425.6710560442314,456.712149820296,393.1249576784719,512.7735717976816,516.4321272210284,505.0020769290248,129.83806996734418,501.70853026897544,19,0.199483434,0.199483434,1.28786e-14,7.54952e-15,1
3.9657828999102036,4.326811593958626,5.541739230417498,5.76392443786346,0.006942173995426468,5.542222800349345,5.735788832258905,0.01271734758471127,5.533733574755714,5.533144489018517,5.542144227293727,5.525217915761847,1.7248841551976364e-05,5.541802143016126,5.524759541096493,5.533599345291953,5.533599345919942,498.761094448817,500.88939832854817,494.6149876888354,505.15060051349644,498.55144421876616,497.8918542113601,242.4567793299678,1435.1927378133012,34,0.0162,0.0162,0.0,0.0,4
2.8539954334583157,2.8346115465170723,2.7274871662549653,2.831174738413174,0.005642214273734677,2.7278415240537064,2.810557097382009,0.009873910860110927,2.682956301347559,2.682524622057025,2.7277839460837057,2.656251708368564,0.0005740590077847047,2.7275332683148625,2.6559158135440177,2.6828579386203253,2.6828579390805123,426.89626940613573,457.33458040249644,395.4662082165495,520.6229650239696,527.0287516678137,503.78982099147663,122.68740233772192,469.0421741599227,12,0.071,0.071,0.0,0.0,0
4.028879045337952,4.003251713173609,5.555314735319723,5.770468230366978,0.006717522200027257,5.555783229850305,5.743209758588203,0.012312225386571033,3.8027491331593537,3.80217841230236,5.555707106327349,5.5392034377206505,1.6941513879774e-05,5.555375686603955,5.538759352988469,5.5478760936219285,5.54787609423034,500.4701968567119,502.48133545548575,496.5796281207526,500.9823058541493,499.9736293168632,499.3799498205321,167.1154509969611,1109.7944461730133,33,0.0158,0.0158,0.0,0.0,5
2.565002370898369,2.8824217427240466,2.3511995077610743,2.526312071500657,0.017260596259694845,2.3878983904779587,2.8760573389026467,0.03153020396860276,2.3281334093936477,2.3266729283699576,2.355303589535657,2.318402893741109,0.00011423572375142551,2.3544554827756503,2.3172664759699466,2.327800623226432,2.327800624783363,429.2871544408274,458.84646367679636,398.27725404651244,513.3197602906635,512.5667435823119,501.08670570732403,104.14937667867947,410.59197895999034,21,0.4159,0.0319,-0.383,0.0,2
1.622124671066413,1.6583969913622245,1.4428520842506285,1.6257123110642357,0.00678949732754689,1.4573260694494836,1.6495343750944085,0.012449545389050718,1.470444558610519,1.4077671490118244,1.4720490537730762,1.4433371383019158,1.0168088978030312e-05,1.4431137498725104,1.4063878489797317,1.4423129896793614,1.442312990294903,427.44145018428543,456.79791420203657,394.5061486986828,485.142959749153,484.1201177489106,482.9842855632364,61.494966490024396,254.09471537667366,35,0.0508,0.0134,-0.0622,0.0621,3
1.3656498988644012,1.3118528525618287,1.1820969931609344,1.3285672543801252,0.014127805706538574,1.1830804596330782,1.271346110212007,0.025872239518280202,1.170724517153424,1.169526456576044,1.1855798776862776,1.1648903874113246,5.329364789690704e-05,1.184884159455029,1.1639581621314479,1.1704515262818065,1.1704515275589866,428.6036979851118,458.41861678737274,397.6140344360927,508.0459075068823,508.4934173158839,495.14654143761993,51.920521496325094,207.09518671006404,17,0.338348673,0.338348673,5.88418e-15,3.9968e-15,1
1.9571201577392763,1.5283302311363336,2.238008084159712,2.377307808113858,0.004290462820939257,2.238307493629023,2.359887232126749,0.007867361807535852,2.232166498850902,2.2318017577114357,2.2382588439605153,2.2295091374424016,7.552380165872007e-06,2.2380470374248493,2.229225327994665,2.232083388694823,2.2320833890836513,427.5836507739938,457.62874303724396,395.2208771287852,504.96083211242933,500.77381813262974,497.8864306778568,98.2869670251813,455.8189110614406,28,0.0083,0.0083,0.0,0.0,4
3.6912738307871025,3.923335529633979,3.690698102763568,3.6802020465666425,0.008240376859306257,3.7276454063320847,3.916058219364748,0.014537087736549747,3.737204881513805,3.4745381553488857,3.76375647749078,3.6912344394212604,9.182039433777527e-05,3.6909693071281606,3.460715651809492,3.6447529608510867,3.6447529615618435,427.7917188928671,457.9357619734464,396.32675241739446,519.9787567620028,520.6967595264757,509.67218190124544,166.11120553561193,640.9655856381811,18,0.2803,0.049,-0.262,0.262,3
1.6605427638399837,1.4965048044611353,2.0873145047456,2.4961627495484127,0.013798584907208701,2.0882446805139008,2.4420422246020075,0.02488435728943728,2.0541959817389057,2.053062839990203,2.08809354052863,2.036996436733088,0.0002820296122494,2.08743552090254,2.0361147255710916,2.0539377833143138,2.053937784522288,428.25642961787753,458.18450743711804,397.3187560892444,506.4389767000151,521.359207229867,500.34451947906393,92.9865999888313,461.3420474770123,14,0.0497,0.0497,0.0,0.0,4
4.178320073419543,4.25526878907475,5.09291382544831,4.139786281275373,-0.019376460818150247,5.091507122160257,4.2216326623442075,-0.03617513583886206,5.026232117089124,5.027945765496289,5.096924583911973,5.002538668689431,0.0007822467845238683,5.09791970591275,5.003872079032898,5.02662259014295,5.026622588316133,472.733860717188,474.6142076316673,470.18374145877874,521.883625384089,528.3790213099866,515.7450314971015,233.55000274345292,880.1050481543873,12,0.259665785,0.259665785,3.01981e-14,9.76996e-15,1
3.1803126951123897,2.3707162570342044,3.8009174636679153,3.6772054301656913,-0.0016398182219583596,3.8007835567242605,3.684996553447509,-0.0031107812035533564,3.755891338466265,3.756054464139355,3.800805314648065,3.743306439968252,0.00017520134343677676,3.8009000423328723,3.7434333700076206,3.7559285083894896,3.7559285082155913,426.4655527695694,457.1795568991674,394.2870945635018,520.4011501216106,518.8517594979236,509.6142594917557,171.0823050221475,978.0588804598292,19,0.0577,0.0577,0.0,0.0,4
3.4745872925810115,3.4911364173335095,3.677672134528106,3.452531436735137,-0.0038502000605463225,3.6773695991575606,3.470133887397443,-0.007463039680119804,3.6206131099745904,3.6209816590924095,3.677418756739392,3.6018731582932477,0.0004767718215880491,3.6776327745822446,3.602159930774535,3.6206970878191225,3.6206970874262345,425.7299425758882,456.70751160591897,393.60971751427866,521.4519720833466,525.5624879276293,510.4211009334531,166.68517827871884,634.2801825732911,14,0.076,0.076,0.0,0.0,0
0.628681748665476,1.1974848361351922,1.4014515030128916,0.5373113822346053,-0.006716721123377786,1.4204604175782722,1.1863342632113794,-0.012855102065187862,1.3799556924025016,1.3805539335383286,1.4037402117933917,1.36467781144716,0.00017116296186285134,1.4040876126450148,1.365143310037807,1.3800920080214198,1.380092007383671,425.063502250465,456.23159683170036,392.8723993170762,510.9827153897715,520.5096745619356,496.67221112191356,62.10688893681425,239.468936642548,11,0.62205,0.0211,-0.54194,0.0,2
1.3274086088207044,1.395907958902859,1.4333086610808394,1.322559322163798,-0.0011756264076832382,1.4455245801338297,1.3919514136858937,-0.0021892105782729005,1.4466922569151133,1.382994684471898,1.458538242060452,1.4342645298161683,1.2930149186725968e-05,1.4334977221234664,1.379344229924488,1.4188155961256108,1.418815596016419,426.7076729913406,457.2892568459039,394.4070133382822,502.3737180896129,504.010639870445,495.51360492124013,62.78284363619138,248.85450025625113,22,0.0693,0.0171,-0.0639,0.0638,3
2.001470585238928,2.0049931180884437,1.5391923532474348,2.463241675459134,0.027183123192607923,1.5410889196697626,2.3528935306567433,0.04982894851144208,1.5307623727466055,1.5284519722120347,1.5407807553088924,1.5270321537462295,4.71915249632379e-05,1.5394390971292178,1.525234403427395,1.5302359233603005,1.5302359258232792,430.8370829826104,459.66240641468704,400.30647721004846,491.59096184128026,501.6112103114172,495.49763628339133,67.42663959346207,299.6710485026332,24,0.0109,0.0109,0.0,0.0,4
1.478847681905495,1.5196022553534787,2.587148102865123,2.1598679226024284,-0.010326036220349439,2.586403066486226,2.203216460915502,-0.019223167629638795,1.8384570261622257,1.8393646307827725,2.586524124023059,2.5276431524779457,0.0003297474549288141,2.5870511734003627,2.528349370500124,2.5444095538933023,2.5444095529257593,424.9930204037455,456.30732077366287,392.3782999114716,513.6274443960784,519.8095756736456,502.8216770705489,83.68541539673394,487.34948729727074,16,0.06,0.06,0.0,0.0,5
5.598384307293715,5.761775654592324,5.1850527235112605,5.5784886391031785,0.01959105219647282,5.258059976738593,5.741028572487615,0.03498716700968396,5.108707768195576,5.107115270026416,5.188647567170147,5.069184101223299,0.0012464168545292388,5.187722797562972,5.067944959330577,5.108344900514712,5.108344902212378,452.32926380753406,458.2963098241321,452.0833242757614,533.4974106953408,535.0348071727092,516.8722812013253,237.46504193790415,898.357277290533,10,0.251,0.0841,-0.2349,0.0,2
0.9539665949488687,3.1027309398356193,3.736074826532925,0.46450662981069324,-0.02335019904718446,3.827115559041543,3.0182479833058053,-0.04355954424810521,3.704051103978881,3.7060724265405125,3.738785165789809,3.693877349513607,7.439346761069972e-05,3.739958955315909,3.6954501648005094,3.7045116838680263,3.7045116817132167,423.38926994730144,455.3919177231504,389.6875188438043,509.9984398049634,515.5492105610939,508.65974839494675,167.52169137073543,647.6603486976061,20,2.4536,0.0891,-2.058,0.0,2
4.5289941737016575,4.537250294108205,5.6717877270369055,4.349396490155244,-0.0010447340542819642,5.671636796490196,4.358178099714164,-0.0028471277974459162,5.596126443535773,5.596310307391897,5.677067667501016,5.564244521903147,0.001159065007347775,5.677174437925808,5.564387588571034,5.5961683388750325,5.596168338679027,511.2253189658901,512.0212251518137,509.9395025553189,528.7818309342015,532.8014528671686,517.7088131904341,260.4139308793441,982.1486940762926,10,1.247987087,1.247987087,2.93099e-14,0.0,1
1.5581875891657289,2.181264072669857,2.422209516752546,2.6161083225944664,0.005816842808251904,2.422615421829209,2.59249150029484,0.010663689438886218,2.4185887087024875,2.4180942344277847,2.422549468178943,2.415739807572248,9.57404541802914e-06,2.4222623251293434,2.4153550512186635,2.4184760374688348,2.4184760379959642,427.4119174575033,456.94634273448185,394.5013060624437,492.1193096868388,492.75966611269826,492.12052564216344,104.81832331286017,609.8696387837877,34,0.0062,0.0062,0.0,0.0,4
1.1767158012372108,1.1285922530962298,0.953373935011449,1.1458141357613372,0.012603417866382801,0.9542536839822582,1.0946275990401793,0.023109270227665478,0.9555731767527779,0.9545014650170239,0.9570596966155379,0.9541784457742851,1.859514082121972e-05,0.9564373496263416,0.9533445340408774,0.9553289758113647,0.9553289769538519,428.48238133256575,457.6656331296477,396.14121519695124,481.8117804284183,479.81373707902077,478.9242223231974,40.468941646340696,169.44861955722143,33,0.241249173,0.241249173,4.55191e-15,1.33227e-15,1
0.7532467397337661,2.2174718597399745,2.6689150646922783,2.1262245804066056,0.015427710691382988,2.6699346880402453,2.0668997165258975,0.027603925399542494,2.6302318888796155,2.628989781932835,2.6726535851288777,2.6040448070119617,0.0005293844272895166,2.67193228900717,2.603078308724679,2.6299488615732787,2.629948862897414,428.25530513852493,458.1253942221759,397.4640582247568,545.3541716097008,527.1430924161085,503.7740871549771,119.59393911011944,461.01780438471195,12,1.045333654,1.045333654,1.55431e-14,1.06581e-14,1
1.4541511772624476,1.455889809014349,0.9755364927381162,1.4626483702032766,0.015930960983944285,0.9866280055672066,1.4594970899516517,0.029198528402085294,0.9918033485336739,0.9279093016601873,0.9964874009563989,0.9756879328351713,2.568664281255641e-05,0.9758811009030993,0.9249943327506389,0.9693348145219693,0.969334815965437,429.06808662646654,458.7117798169873,398.02437146688266,557.7611065824868,500.24349684593295,493.2577134946097,42.61838220281107,172.36255507099156,20,0.06083,0.00929,-0.06254,0.06254,3
4.789594121799319,5.175797371463756,5.241351651778867,4.767213173766142,-0.0019245793803006274,5.299985234820171,5.156195831035416,-0.004014789921728839,5.183319183883736,5.183521913314041,5.247012275146895,5.161762229803382,0.000500097028159576,5.24713000088075,5.161919976000422,5.183365377945143,5.183365377729026,474.9189222921215,475.8006044185943,473.4192769190749,524.4639999906141,527.0933417657118,516.5585877422582,239.52621230908895,910.7535261562041,14,0.3921,0.0716,-0.3771,0.0,2
1.0656263024130408,3.2087844816590287,3.282877398751489,0.5936011014337229,-0.0033885674112238014,3.3506838383801023,3.1588413586758053,-0.007672348711490633,3.244220125217424,3.2445777409755623,3.2863315376555717,3.232172458955677,0.00023622073965004663,3.286539206455812,3.2324507240588893,3.2443016117794232,3.244301611398191,426.0683371683937,456.9282651684727,393.79672190893416,515.7757327625559,518.7330938628724,507.8581881012027,146.6793133485574,568.5091982906415,18,2.54456,0.0645,-2.1271,0.0,2
2.699612131209073,2.7170549356640774,2.1919779923885216,2.708869781992917,0.016958012826767833,2.2139618218926618,2.7072908922233485,0.031094613948671978,2.2305089571441292,2.1469668139705465,2.233769466877711,2.1919913806816678,2.5829863133586224e-05,2.192332008975435,2.1436692318112365,2.192280349451507,2.1922803509888893,429.10630232491764,458.0284273893248,397.06196124028503,496.2231355849057,493.46895490102685,492.2848188378096,95.12857926368139,387.2078650170074,33,0.0667,0.0202,-0.0822,0.0821,3
2.524020418929767,2.9727134026410598,4.4393066658676,4.429503301305194,0.00015413791935986985,4.439316395954029,4.428937174554516,0.00026737913257834835,4.433408564204334,4.433396710996021,4.439314814957007,4.424700200578582,6.134812171967181e-06,4.439307931754873,4.424690977455272,4.433405863324487,4.433405863337123,427.73994217177375,457.2016582844421,403.93927633633103,509.6353093924515,504.891498236907,504.17768342743176,196.8486895774602,1073.6912125141987,29,0.0146,0.0146,0.0,0.0,4
3.8002574729354848,3.866098699393974,4.3876607271643575,3.782499651915834,-0.0172363131605204,4.386457080437314,3.852531569471255,-0.03161011208391297,4.381225896074935,4.382692180624139,4.386652655461729,4.376660506696038,-2.1316003155456626e-05,4.387504132350578,4.37780144025989,4.381560004637293,4.381560003074175,427.193081544264,455.0178282356195,408.7984117782708,492.77231923759877,496.0376266920064,496.1595323603828,191.54988794004893,767.2864574403897,34,0.0118,0.0118,0.0,0.0,0
0.7619206832902687,0.9206415401870585,1.8957584971144663,1.3764464252286746,-0.014956213714601646,1.8947141888657175,1.437207533563495,-0.027427985380291554,1.893154752910924,1.894426931047034,1.8948838737131548,1.8919524020147556,-2.1318028855368556e-05,1.8956226322863008,1.8929422990545044,1.8934446322582514,1.893444630902059,424.53965164492996,455.3587426037764,390.35783679833617,475.356261614813,490.6859201450373,490.66535504902004,81.70197991321562,407.0691656026529,33,0.0045,0.0045,0.0,0.0,4
0.5495639404158463,1.6961005892613186,2.026290654528004,0.33868241365417473,-0.010690938092918252,2.0542856183659532,1.6797719263310464,-0.02108210942087778,1.9945335922316405,1.995514288693022,2.0284164249917773,1.9762255718174413,0.0003234244974005298,2.028985919072783,1.9769886634761156,1.994757054372737,1.9947570533272758,424.610048630486,456.0254309149615,392.0477697749337,512.781747056626,521.5386727349957,500.5542978429146,90.15721248570733,346.4578327098635,13,1.29075,0.0253,-1.1025,0.0,2
1.6218420687957245,1.5791698534562413,1.260459680655533,1.6244216479669376,0.011203995157951433,1.261239773540976,1.5790334128549144,0.020519766991152988,1.2453118765266504,1.2443615660084826,1.2611130198335225,1.239341337267421,4.682046238572266e-05,1.2605611709827051,1.2386018892749775,1.245095338146572,1.2450953391596407,428.3388292021638,458.2746828331784,397.0371797349643,506.2144254181448,506.80185129829107,495.286005532894,55.246335575823956,219.90568785604833,19,0.0206,0.0206,0.0,0.0,0
1.1746107941300807,1.5571114029537794,1.3676550067039086,1.103321021650265,0.005504355463642913,1.3985381663737257,1.5377475980033655,0.010066370398125163,1.361629761032288,1.3611629952520075,1.3706759085200748,1.358400411020308,1.538526897420445e-05,1.3704048558961963,1.3580372149779922,1.3615234034744101,1.361523403972001,427.73529990546893,457.8490899012509,395.74286862504846,500.2913071767491,500.3527874124544,494.7425645804413,59.66412840439318,239.7771136344599,24,0.45322,0.027,-0.40346,0.0,2
2.632547291211246,2.6633419520774284,2.2366098309697344,2.638011899564527,0.014302164119076331,2.2549062457782627,2.6659373808341322,0.026192525347146983,2.2573042311784897,2.1707903969150673,2.2732443429157967,2.2368477495209027,3.827390219719411e-05,2.2369394648464227,2.1660032505470554,2.2186276461043897,2.2186276473983852,428.99218897912147,458.583872977994,397.5980591924855,508.5681497341173,507.0474832228552,499.26682557752355,98.66113819550651,391.425590367275,24,0.0898,0.0212,-0.0853,0.0853,3
5.311764909886655,5.3256747204198085,5.442651613331079,5.301096412974072,-0.0036351733282355427,5.442397327394705,5.315891561194518,-0.0066718242295076575,5.434502002226656,5.4348117737993356,5.442438645147745,5.4266205770997145,1.7174416939671789e-06,5.44261853065162,5.426861614069372,5.434572586981071,5.434572586650842,497.2488315745962,500.0053225649367,492.39489265460276,496.7834688880027,497.6795052448776,497.30920141989907,238.00620744121392,954.5113669537207,34,0.0162,0.0162,0.0,0.0,0
0.8568177465283686,0.8348720431366163,1.0595763891396521,1.244701048908865,0.005756118441252949,1.0599775796320077,1.2213585358164654,0.010547085207103523,0.663173712539561,0.6626849815797113,1.0599123920328768,1.0466598126293845,1.8144806396987526e-05,1.059628584147564,1.0462795252178527,1.0505932987175612,1.0505932992385678,427.6622547427083,457.89069386740556,395.8871206020325,500.6391325664604,501.414094794532,493.746802739324,29.19129680597712,210.04315472781636,21,0.01265,0.01265,0.0,0.0,5
5.8352324273342315,5.876299216200264,5.530958313325835,5.817563567860637,0.014109003984715993,5.554682113465354,5.85661399686539,0.025053939902369857,5.505438546436014,5.412813171489451,5.5768320094267,5.479544481687074,0.0007674954092915896,5.531278500011486,5.385868813966815,5.45828211776007,5.458282118959764,488.3233625310365,488.206868358639,488.03957280100656,530.6949997869174,531.231673022365,517.8394849214127,253.2221437056322,960.5726764873589,12,0.1688,0.0988,-0.0916,0.0915,3
-0.8254820318342331,3.20838091398833,3.1835689133681395,-1.7275479085300636,-0.00026552834755506124,3.2690465592935434,3.133971032827205,-0.003206885428884034,3.157945042127528,3.158094094075314,3.1874664400447545,3.149450213206606,7.802452403150997e-05,3.1875529950649564,3.1495661923118075,3.1579790052024426,3.1579790050435474,426.57923080171764,457.2633991845988,394.301855372941,512.3997485181459,513.9254117533661,506.5033822916093,140.67198919284073,553.877882028822,21,4.8508,0.082,-4.02717,0.0,2
4.379738606965277,4.339538330908815,4.248318128936439,4.351037885591619,0.01053335376466537,4.249053032177225,4.308278924832188,0.019309476503885113,4.252549441322414,4.251654180908448,4.259368353127429,4.246427051425839,2.014957891593416e-05,4.258848472076778,4.245730438578601,4.252345446695308,4.252345447649692,428.475116355159,458.1470352180073,396.52788963155837,508.4635092276289,506.82376879524696,505.9060555295785,189.16699763918413,748.7525803509551,28,0.259565096,0.259565096,2.13163e-14,2.04281e-14,1
2.07381206462956,2.1020858930058886,3.1203881541876988,2.788584437593088,-0.006798179516168937,3.119871278928584,2.818657850928964,-0.012970639321912066,2.3232940741766814,2.3239237325218394,3.119955263613749,3.043731599023616,0.0005943601023509013,3.1203209085556294,3.0442215437210085,3.067730786355755,3.067730785684514,425.2006450519288,456.3706962727071,392.91480169433873,519.4757034595999,526.0391982127242,507.2618460155548,106.77097645901944,595.7231470671105,13,0.077,0.077,0.0,0.0,5
3.6331905661764505,2.308908211311849,4.8325985216228755,4.694956125199132,-0.0024191708930877205,4.832416071382046,4.705571648788114,-0.004523984872420185,4.796262925639555,4.7964851868422125,4.832445716883091,4.785019753181012,8.855953770030018e-05,4.832574784789763,4.785192697283977,4.796313570223465,4.796313569986526,442.9760614877747,457.1213938427142,439.091035234514,505.0521402756039,519.5843949169121,513.1759269544357,219.10950334759755,949.1815646568998,19,0.0477,0.0477,0.0,0.0,4
4.540332550783037,4.551456468206941,4.947207247220285,4.491789144126848,-0.002903134871014982,4.94700389033404,4.503621081498416,-0.005331597414804511,4.945623996357166,4.945871726071855,4.953252095859806,4.9398179374849365,6.711660228461218e-07,4.953395953426097,4.940010698942052,4.9456804442129885,4.945680443948899,454.72536534525216,457.1856307557674,452.25918264797735,554.9099202322947,513.6358393176677,512.1678618828995,223.43743011269027,869.8109272927345,23,0.355169369,0.355169369,2.22045e-14,1.86517e-14,1
0.6555976254035691,0.9135515505386491,1.3930589822780073,0.617842262280819,-0.015293507559957018,1.405844680548898,0.8965758094267026,-0.029194359673891255,1.4104415823689525,1.2148990266853226,1.4170257383152514,1.394699395303717,-8.355347395958888e-06,1.3931140112762637,1.1941556389792354,1.3684508905242285,1.368450889077139,423.97619741986296,455.6548786104646,391.11723716110384,507.99840259102797,517.1132074553739,496.4300842319505,61.700795812627284,236.56628036095435,13,0.2259,0.0259,-0.197,0.1969,3
2.8360063046809123,3.343557698412685,2.9797287292709167,2.7566707321776756,0.011090904941036242,3.032497421927993,3.3175457978790495,0.02022253667054938,2.956778700961146,2.9558422782211236,2.9837725205912484,2.9467179609204788,8.848049478112367e-05,2.9832287364248304,2.945989319174492,2.9565653270593346,2.9565653280575988,428.455464012756,458.3110234370379,396.972878197935,513.8215419096342,513.3783794213945,504.9270032667778,132.75657209764404,520.6147873856168,22,0.602,0.0484,-0.5496,0.0,2
3.3501751113416955,3.64016293971059,4.665617939918151,4.430112478652154,-0.0025495013773832744,4.665316490287337,4.447651757593407,-0.006791581431372901,4.600659127192109,4.601026353659889,4.66536547145231,4.578918242248679,0.0006243946757234178,4.665578721227368,4.579203985560134,4.600742803656733,4.600742803265255,432.24216783959633,456.70881250521734,421.9029843384483,531.1191509093992,526.7237709678913,514.351958295049,212.48172720369303,1094.1831300247768,14,0.0869,0.0869,0.0,0.0,4
0.8975572522308146,0.8845507901342881,0.9987606791281046,1.1031049041644483,0.0034183041741950707,0.9989984509068972,1.0892706010959,0.006257745067630858,0.7827911067428335,0.7825014527458204,0.9989598164634198,0.9857326884173617,1.7604945722368716e-05,0.9987916133105235,0.9855073051742009,0.9891810675753099,0.9891810678840925,427.2773220490506,457.6648906892997,395.39541878043303,500.61441086366267,501.72097964622805,493.43775806578344,34.4685262234278,196.63920033770074,20,0.01287,0.01287,0.0,0.0,5
-6.282193094835295,5.271939372578811,4.825793198810408,-8.51689903397467,0.026808521908497026,4.954154925040594,5.160681360152967,0.020014481437933114,4.7843418113529905,4.783413875126398,4.836331155646535,4.7679870593976075,0.0003326738558963796,4.835792299630016,4.76726502110933,4.784130371193715,4.784130372182932,436.081186063354,458.11267648279096,428.2319172888848,523.985336748015,523.8701470560014,514.7815021814722,213.68455226014024,840.4370245553927,16,13.7182,0.1239,-11.5958,0.0,2
1.4870785339445107,1.6830052822912143,1.3733517689606458,1.4628858782429912,0.011363340553048292,1.3859752095372126,1.6806938510094023,0.019043177587430064,1.3895929119845174,1.1532116154081609,1.3944576610030401,1.3737710689740759,2.0687967076095176e-05,1.373645888804802,1.125685321556074,1.352492099166639,1.352492100106136,427.65271820116465,457.7768038131867,396.5767216346351,513.2113200581745,518.3049041366605,496.3112696605766,60.726622262727965,237.4600867002681,12,0.2671,0.0191,-0.2355,0.2355,3
1.7735718720868154,1.7206028831748108,1.70183876906543,1.7194333478051766,0.013948184493366064,1.70280709777934,1.6630929655855613,0.025511845086422968,1.6826698106861557,1.6814901909523468,1.7054132434972977,1.6753007658063386,8.575680764992511e-05,1.7047282339324674,1.6743828895676403,1.6824010217572904,1.6824010230148119,428.72323039009603,458.49645410014665,397.6057493454661,510.6102194717739,510.82918442551,497.30688330619756,74.96800340295192,296.7089154135681,19,0.459761904,0.459761904,7.77156e-15,4.66294e-15,1
-0.3008931297262467,1.6288214404951953,2.646584715090305,-0.36871806987829214,-0.03529671398258452,2.7212378985211703,1.5399636548678,-0.06689116944797074,2.759887831996575,0.9725903683978903,2.7591517190396826,2.6491769821959026,-5.254887973368636e-05,2.6464533734620557,0.9334911029170512,2.635994777982789,2.635994774675362,421.73020530724943,454.33848424995796,386.93701992250504,498.2498033140907,505.5303761403578,502.7388893654473,116.96820548620435,457.01269323456813,24,1.7598,0.0765,-1.7904,1.7904,3
2.369269565924002,2.38293733729203,2.6716131540328356,2.3481746744202088,-0.0035707520786139595,2.6713632928264457,2.3627123780611874,-0.006554563406897753,2.66398567919181,2.664290060550678,2.674913125625447,2.658797526729109,1.6216194646498032e-06,2.675089881012124,2.659034369508863,2.6640550357285577,2.6640550354040755,426.4694499222441,457.0245368376533,393.6506310878556,502.92455961124443,504.2632110364186,500.62063243734593,118.0520887647991,467.6242731159995,27,0.200264537,0.200264537,1.68754e-14,1.33227e-14,1
18.432517996187183,18.425155719338694,4.585475300763729,4.41914025428205,0.0019473197249785558,4.585609890912015,4.411309380025806,0.003554578470457841,4.572402237258384,4.572238279304219,4.59100850797743,4.565230757498733,2.08822375890278e-05,4.590913296983908,4.565103179851494,4.5723648776910455,4.572364877865832,430.7685345835705,457.5504858951954,416.0851595943441,71.17948663614852,515.2543560585929,512.0410980053216,207.0204506064077,804.4343467684973,22,0.23268388,0.23268388,3.19744e-14,0.0,1
1.7507609581107186,1.9093168260797133,2.564888571703446,1.7313519649327116,-0.022557812804212096,2.5855135520072086,1.8807915191613138,-0.041366871354955585,2.6024812858671447,2.531899977617303,2.604669469718465,2.5668351150842734,-3.171316952821011e-05,2.5648836611507972,2.52952807210795,2.566718480232046,2.5667184781866443,423.6619389173792,455.18286078944914,389.28100752594446,493.8953493372859,498.238767858412,498.17627522644506,112.67985412298461,447.81010591754057,30,0.0571,0.0215,-0.0724,0.0725,3
0.5564043992437147,0.7882240191300438,2.3958011748841392,1.7003794438570308,-0.01998561166789125,2.394405709669865,1.7815719587716543,-0.03664905606069278,2.3907289200695345,2.3924288782355534,2.394632452398625,2.3892284108334176,-2.8213661123136402e-05,2.3956196244254735,2.3905511686363345,2.391116273656003,2.39111627184378,424.0799424647768,455.51799733926686,389.9812593975501,493.25342666953486,499.15095096557883,497.8780616167704,105.17288424356036,539.0430905689581,29,0.0075,0.0075,0.0,0.0,4
2.8631912514535136,3.276210094315163,3.7564962198954968,2.8434020681389196,-0.01798002862479371,3.817939967320237,3.210994757881343,-0.032992820019042385,3.8749511254220015,3.5321814945075585,3.8776440900271396,3.758230954102584,-2.4113323024667003e-05,3.7566327810444924,3.527121752611469,3.7572998363289876,3.7572998346975535,424.40526391395355,455.82479755790314,390.6201288568718,502.15443518939725,505.7054613135246,505.56799180262664,167.45258191954719,657.9441101205927,27,0.2938,0.062,-0.3443,0.3443,3
3.7481409427165264,4.776439284557051,5.083900766070777,3.565930152090885,-0.01263551351896503,5.181908681162873,4.699634432075273,-0.023382370100740357,5.052726720592087,5.053813459987999,5.089153631939312,5.04029352409008,9.038217629660846e-05,5.089784705546629,5.041139129025784,5.052974345746033,5.052974344587526,471.1116390084015,472.7711318373548,468.5958534621013,517.004301367507,520.375805498443,514.5555592220683,231.12915506198274,887.2366034235055,18,1.0782,0.0953,-0.9795,0.0,2
4.354989334363638,5.815278008925268,5.294625780880343,4.353568213617281,0.009728483518812924,5.529896902441805,5.588420269726517,0.01763028340751685,5.30255671648119,5.3017391550205915,5.309887854983925,5.294579844978998,1.9346684862621266e-05,5.309413094004352,5.293943690617679,5.302370426388733,5.302370427260286,476.87548844591385,478.35411680990757,473.6193017500288,504.50451497170025,502.9230777145763,502.3699556024921,233.68804635162655,933.1250585221402,31,1.2719,0.2326,-1.497,0.0,2
1.2191730789379494,1.2623544462547212,1.9713053274947299,1.1452013640093845,-0.011291790018558972,1.9705159267767325,1.191131157825803,-0.020718714825917414,1.9611813966684737,1.9621430460045477,1.9737010578711165,1.9589492605994983,-8.634066380415119e-06,1.9742594912156457,1.9596975314619158,1.9614005187190628,1.9614005176939064,425.3580519509846,456.3953035137303,392.0450955257887,499.08499230459034,501.7511118506141,496.80225667525303,86.4330110621037,342.85680349223134,26,0.436953519,0.436953519,1.79856e-14,7.99361e-15,1
4.26386532065202,4.588670396613691,4.617528193891965,4.250951658864731,-0.0028379623422532577,4.682528837657347,4.531550825857235,-0.00522931960384612,4.738489299554692,4.424832155668567,4.745261230135618,4.618560658868921,9.636772120340894e-07,4.617802257583799,4.415649628118891,4.616144636908626,4.616144636649731,433.2214120286321,456.95113761109445,421.9701676945561,503.9100944271549,504.80441676736837,503.9025770240524,204.92753039603653,810.9130122162029,29,0.2683,0.0645,-0.3139,0.3139,3
1.2951302010182488,2.241664574063729,1.501083306676967,1.2779350565180554,0.02537046183697325,1.5297608786555,2.2325686909174354,0.044063386937898255,1.4813106004305692,1.479266979310658,1.5034882976952486,1.4684686210294227,0.00015025183027928576,1.502301559313458,1.466878454967338,1.4808449395772587,1.48084494175584,429.60824577567706,458.92001413936174,399.4475565479876,516.7004150113853,519.1324202159068,497.1147058650168,66.08371696165204,261.80672825488665,12,1.05014,0.0249,-1.0383,0.0,2
19.622832713637507,19.63239740855157,4.102159805265803,0.9889067200670889,-0.002141683473378966,4.101984952603607,0.9990801928544887,-0.004229752132686599,4.1089272545676305,4.109140260386701,4.114657499609021,4.103769339508894,-4.821180695100064e-07,4.114781192880034,4.103935081887073,4.108975790213745,4.108975789986673,426.62314860600327,457.1143753231884,393.8762872822678,60.25590654532836,506.93995522688965,506.47183423291114,182.11663414297468,721.5382716860842,27,3.027056063,3.027056063,2.08722e-14,1.33227e-14,1
1.8967252009464628,1.8393412094309276,1.4118768815511913,1.8950213628918802,0.015152100851313789,1.4129259211467093,1.8339849700575117,0.027679600714731373,1.3903815488389668,1.3891036069679428,1.412755467524482,1.377179832842824,0.00014835162071566096,1.412013361929044,1.3761854509719282,1.390090356163209,1.3900903575255459,428.32004542515205,458.1669263475572,397.5563990977521,514.5461050230966,518.9796709816651,496.56838109040956,62.516558450217055,244.76842094920414,12,0.034,0.034,0.0,0.0,0
1.2963471133245494,1.0386090402719566,2.205962074906557,1.7942900380982572,-0.011752339211981313,2.205141188277911,1.8420517803171466,-0.021555074713868902,2.2022019201892578,2.2032019257167827,2.2052745703731986,2.1995075242553317,-1.5229144907181285e-05,2.2058552773006985,2.200285640529564,2.202429782106873,2.2024297810408275,424.8975625133405,455.4764393829258,390.81007815426,480.2288141703032,491.2099419229574,490.86178141659667,95.13860622425163,434.72634760944044,34,0.007,0.007,0.0,0.0,4
-0.8668250437704885,2.7194777813953395,2.6837829189600573,-1.5047165011432415,0.0034308507008189407,2.7330768345666905,2.684737507823896,-0.00013600836505176309,2.6461817318968675,2.646189143915514,2.686777823191803,2.6282869618184543,0.00031785192736367166,2.686782127378587,2.628292729198909,2.646183420804314,2.6461834207964126,426.507529810906,457.1927098706623,394.6016929944156,515.8471127273652,520.1628099511877,503.02519541833004,118.49330037986451,462.8447440844376,16,4.1855,0.0457,-3.58597,0.0,2
-0.09851645937568365,-0.05260867855256027,1.6676239571831621,-0.4321119754364614,-0.011897668545198189,1.6667847147646073,-0.3832822361577696,-0.021919796717230083,1.6648304782571537,1.6658528448400671,1.67009764840783,1.663243203287618,-1.5647802687794722e-05,1.6706913404833241,1.6640387189667813,1.6650634353795661,1.6650634342896828,425.24882384346483,456.26092015105866,391.7915050003473,493.983856573502,496.5511174204668,494.6061243450699,72.07609174577975,290.5849891326489,28,1.686015051,1.686015051,9.71445e-15,1.02141e-14,1
0.6698271761806518,0.7715671925645948,0.8398380310299627,0.6552057708221032,-0.0020750629756232744,0.8474324589982951,0.7649274364403209,-0.004061844752602085,0.8491976789766073,0.7561471970978275,0.8537077371826728,0.8408314029943721,2.9853070218473904e-06,0.8400177910602264,0.7458488693136316,0.8266508627004323,0.8266508624983984,425.75114937091274,456.6335984700851,393.88190763962695,506.55479465766643,513.3661574319589,493.7671515109815,36.89262634108283,144.03025696132795,11,0.10794,0.01502,-0.09323,0.09324,3
4.412401015996783,3.1726692142175548,5.020923128048909,5.496569184877127,0.018427170421495775,5.022087188107685,5.428840543047251,0.03206400388618583,4.948850235792082,4.947432175791438,5.021898045339046,4.921949652420441,0.0009150927287987446,5.021074572624828,4.920846242955225,4.948527115707096,4.948527117218804,442.65578411593305,458.3047402598192,439.4824780141238,530.1478569783847,531.4455929537306,515.619207763854,229.2513346502194,1011.6170293777367,12,0.0982,0.0982,0.0,0.0,4
0.21617006787551002,2.1000551737807673,2.7590953969984793,0.1568077043574818,-0.023296402386363685,2.8345863911399505,2.016742991055011,-0.044885826957269906,2.872561970504997,1.0842438844325268,2.872364079646884,2.7611309693175503,-3.491349359366956e-05,2.759073054804418,1.0446509314717305,2.748436356782652,2.7484363545632493,423.44732932542627,455.3423227713311,389.4578637327323,501.4013421765444,506.52043374209586,503.4004721626783,122.02168131707766,478.3911711043072,24,1.7598,0.0765,-1.7904,1.7904,3
1.2421422536454914,1.3980698463539987,1.3327324163258658,1.6800878700024844,0.010168560117044957,1.3334423090943672,1.6387840964617513,0.01864601806959809,1.3315709161767402,1.3307061235638766,1.3333269618812582,1.3296607183656766,1.5119794275654868e-05,1.3328247735959764,1.3289878128792736,1.3313738639628443,1.3313738648847477,428.0349514677867,457.3105712543951,395.4159583599822,484.94603497055715,484.28889442206486,483.39057154387467,56.849905092306756,340.93044178753905,34,0.0026,0.0026,0.0,0.0,4
3.781889444392672,3.7550962721668983,3.587876856059397,3.775236900720434,0.007206924020618611,3.5883666633699742,3.7467383849835407,0.013056141764700418,3.5454724173081975,3.544875733185316,3.5882870768313553,3.5334513968921315,0.00020152013443355113,3.5879405801429383,3.5329871098319,3.5453364564712735,3.5453364571073624,427.74387818706793,457.92687176015096,396.16375500389256,518.3824767729201,518.9488150534293,508.88677959893937,161.214401721592,623.4984493717186,19,0.0541,0.0541,0.0,0.0,0
4.988409731536213,5.109435088462856,5.353072592488362,4.948054896969389,-0.005012154363672602,5.37523155564161,5.072515795135479,-0.010431961318389311,5.323786546341372,5.227523818199877,5.397803217691723,5.291165645453841,0.0010662164530173914,5.353215213457343,5.192883703119806,5.275008969460636,5.2750089688878825,484.8260786811729,485.821563480259,483.3329878346718,527.4109799555953,532.6188179749369,516.9217323220362,245.8697701684039,924.7460301609142,10,0.1876,0.1114,-0.0969,0.0968,3
2.40851279315166,2.484782218160791,4.518859648305748,3.744619656841029,-0.01934018654323128,4.5174653631636925,3.825743511476488,-0.03599056561500005,3.081497334368301,3.0831958549682787,4.5176919141479415,4.4328861001399,0.000601391178651502,4.518678251374846,4.434207739355467,4.4540746497445785,4.454074647933888,430.00236106640534,455.39941126479397,418.61481005369376,519.095206928125,525.4323454804203,513.4889934686424,142.53130634646644,842.6992323007911,14,0.0869,0.0869,0.0,0.0,5
3.8114044681959363,3.7947478089499334,4.584871924121276,3.6534684446756533,0.0047676686541090335,4.5851764253352325,3.635751615117499,0.008403984130225927,4.532343863210209,4.531972919298507,4.58940563333254,4.516245768124591,0.0003938025581737405,4.5891902248239775,4.51595713222551,4.532259339686367,4.532259340081808,428.9590579928417,457.5621424060102,410.48375410675266,523.0516876038366,524.2829394486785,513.5644172078644,207.81364502326215,796.7699799984072,16,1.081513277,1.081513277,1.82077e-14,1.42109e-14,1
4.321260436337259,5.184428215366533,5.274188389837984,4.183236382868172,-0.005163734131219991,5.369319701669097,5.117587809492863,-0.009635702208563846,5.241516458894783,5.241965595467309,5.280479608115076,5.229933369734847,8.883934697743857e-05,5.280740423392472,5.230282848279529,5.24161879944978,5.241618798970983,482.97435997057426,484.20824939736474,480.91067389962876,519.0631293409492,520.9243138483936,515.2288629364709,239.81616026267113,921.5921567251039,18,0.9092,0.0918,-0.843,0.0,2
3.027556627569126,2.8679833526078835,2.2186138606753043,3.3551276625208635,0.034760213633305795,2.2210132259533486,3.215525113399205,0.06349051264381976,2.1873819760695543,2.1844590650890776,2.2206233641174027,2.1707195695969617,0.00026315512321409853,2.218926018844694,2.1684452175664584,2.1867159596499457,2.186715962765885,431.35758782163117,459.99484423683623,401.7993217788483,522.455816861472,521.2153777324656,501.164674742316,98.74440323922292,467.1935713991556,15,0.0463,0.0463,0.0,0.0,4
0.41248563703360136,1.7655263834567925,1.6339368740509412,0.14457709540653096,0.003890667953093799,1.6673851170591987,1.7454695435757523,0.006528724961334239,1.6149853061820316,1.61468289611496,1.6369447811937738,1.6075719255885508,6.682535848702152e-05,1.636769170543572,1.6073366166945464,1.6149163988251296,1.6149163991475108,427.24878322087255,457.63743698808804,395.4369251023847,507.9637998165366,510.0933537066219,497.03602674174135,71.47234304722102,283.3344352025703,19,1.611736,0.0296,-1.36662,0.0,2
1.0755699131208114,0.9652855956225048,1.0227105861036785,0.89033727592593,0.028937249956875685,1.024726699182691,0.7730335340892452,0.05301342060846086,1.0232523791171293,1.0207963466361847,1.0270726992350425,1.0202452791912386,4.3235011558379805e-05,1.0256464720427008,1.0183342109112508,1.0226927459396815,1.0226927485579098,431.0088106741163,459.8048431699816,400.7273843475971,500.73833787505293,496.2428019763952,492.53025229556505,44.371153420514524,183.4453065554205,22,1.126255483,1.126255483,4.4964e-15,3.10862e-15,1
2.4316485257578493,2.434057427613947,3.3892861802658323,3.3532771588458976,-0.0006251039268581823,3.389242143011504,3.355839383537925,-0.0011509913194261423,2.4529041430680305,2.4529577893283165,3.3892492984225533,3.375015441421828,4.733043618563997e-06,3.389280451005339,3.3750571842192736,3.379189812483846,3.3791898124266573,426.8897440195679,457.347235942784,394.42749866218173,508.6443478823372,509.1179602995572,506.7052256893684,109.8444239084945,643.9248078538324,25,0.0143,0.0143,0.0,0.0,5
0.22701287887691585,0.4580479865029622,0.8420661789608656,0.21123539312738956,-0.013137830454706177,0.8573347206879297,0.44212870702677365,-0.024197710094037417,0.8683564027481033,0.6888489248286971,0.8700044442074462,0.8435784545143419,-1.8610114479577537e-05,0.8421462969527859,0.6840619023854321,0.8338421813681304,0.8338421801714772,424.9014372110846,456.27593759246463,391.90747351602613,496.1438094625394,500.1610944080145,492.54236434910297,36.498981879093485,144.48708109545373,20,0.17658,0.01549,-0.18063,0.18063,3
2.8378524516949777,2.1457213400756157,3.4521923001794605,3.6471051475408647,0.006092473570933676,3.4526166933010973,3.622412633169557,0.011159891855155427,3.442175099141032,3.4416581026975885,3.452547735613379,3.437610306364794,1.459320708422014e-05,3.4522475138566624,3.43720802524205,3.442057295991188,3.442057296542327,427.8498093890247,457.90849453022156,395.836933751546,515.6918925696058,509.6715138036339,507.07512484978207,154.14983882257368,888.4663551664429,25,0.0143,0.0143,0.0,0.0,4
2.040719506113132,2.2620778697082917,2.618911296590549,2.8114863477606598,0.006995364308379213,2.6193812548144892,2.7841427137408554,0.012549055195518142,2.5874029852889286,2.5868304813581227,2.6193048934627265,2.5794990264204016,0.0001080923237002495,2.6189724383017414,2.5790535542571384,2.5872725341664844,2.587272534776796,427.80319675035264,457.97308920697066,396.09403214937,518.5049154458861,513.1353589924557,502.5511056357238,116.38467673083446,629.5850103818182,21,0.0391,0.0391,0.0,0.0,4
4.769812972813216,4.674377323957785,4.067458966152442,4.766811033154147,0.0249935916802429,4.069203629983403,4.6653010544980615,0.04582814930556803,4.0727429885048805,4.070617635972935,4.080167002576422,4.066259406405846,3.983494138510266e-05,4.078932802459814,4.064605644153471,4.072258704278235,4.072258706543946,430.15494120704705,458.5485964930737,398.52700233221873,503.0004336333588,498.64085149405594,497.5386404922998,178.12426242959262,718.5187160156158,34,0.160713916,0.160713916,1.55431e-14,9.32587e-15,1
5.234722376212856,5.803264692403595,5.2116422110178355,5.139021602084024,0.016610524759627408,5.31360045597851,5.718631300783516,0.03042537145802481,5.215968184237239,5.214557208199279,5.2232122580784335,5.207572599310843,2.9680324657620246e-05,5.222392899047682,5.206474701961809,5.215646678308652,5.215646679812808,463.76386585743955,465.11777279162425,460.3749812766523,501.95689584722953,499.1487211364965,498.3346158329807,228.30625935536284,918.5550223290712,34,0.6436,0.0974,-0.6319,0.0,2
4.535934598882324,3.9551618414155145,4.526758354275017,5.828138445697088,0.03868871300914489,4.5294566554953155,5.67114287186826,0.07091726018998824,4.508884791975481,4.5055977167070305,4.529018220932096,4.496165431120898,8.289753593455652e-05,4.527109404103528,4.493607718497709,4.508135796841555,4.508135800345707,432.4402680844162,460.66301990880754,402.73877413740877,513.740601746915,516.83863628874,512.2007314963831,203.425514061308,1143.0772177880199,23,0.0288,0.0288,0.0,0.0,4
4.718136081151609,6.034627682221688,5.176338168785,4.4543353708833635,0.02712102239482954,5.270499333176203,5.9891470265767035,0.04899015516395161,5.1255012813592815,5.12323400764098,5.1833969211286535,5.103801492647618,0.0003854163345746104,5.182080306851516,5.102037299820887,5.124984658877714,5.124984661294718,450.5345252113052,459.4299888111301,449.83995793319804,529.4810228253646,526.7593750262046,516.1796808341677,234.84610292415246,904.4914694280692,16,1.6395,0.0887,-1.4183,0.0,2
4.1242845453402905,4.184805322411663,4.7277223546028235,4.088409164576873,-0.015115859002499355,4.7266159712749545,4.152781994462181,-0.028328150557545385,4.658306499571306,4.659654297677429,4.7267957424166855,4.63455750613852,0.0007080413299473894,4.727578413787546,4.635606243982348,4.658613609734767,4.6586136082979595,439.16242647588007,455.6643661905247,434.24106241482656,521.4381887335531,527.3025647878139,513.9063370501293,215.8265577339982,815.7683347910568,13,0.0939,0.0939,0.0,0.0,0
0.5710934051501495,0.598009969603064,1.2184202177810917,0.9649481624770042,-0.007040753915493688,1.2179281547310896,0.9935779241633261,-0.012916909418135392,0.8085992179618261,0.8091986500304229,1.2180081077944396,1.2078471758052736,-3.087616323308435e-06,1.2183562002251496,1.2083136010749682,1.209660803423898,1.2096608027848796,425.94149859160405,456.80042548360495,393.1194578224701,496.67903795663295,498.78851929436865,493.6114391414277,35.42348549817572,227.8860427332064,24,0.0109,0.0109,0.0,0.0,5
1.5164445191427756,1.6865171967807366,2.047020210055077,1.4863324780847635,-0.011187370960807016,2.062107202829041,1.6659357721048729,-0.021151061739588653,2.058261592606694,1.9336519994321704,2.0778393046364148,2.0473604238270102,9.280671153965553e-05,2.0471144375619508,1.9159310712362518,2.013087267357743,2.01308726630193,424.7737116402251,456.1458802360509,392.13378606709364,511.41176281602503,518.9992531699404,500.34800343924854,91.23313291512359,350.2544344805831,15,0.1599,0.0435,-0.1256,0.1256,3
3.7988772979600722,3.81049528543698,5.250778006279776,5.11137671330086,-0.003011936143726196,5.250565617274383,5.123734167511644,-0.005548259126604407,3.9013918504307505,3.90165058308879,5.250600127387676,5.216219131059541,2.5729345621157992e-05,5.250750374404077,5.2164204540386185,5.227195524246851,5.227195523971032,480.25470088321697,481.4855221538335,478.07095408804247,517.1010698884813,518.2790156825955,514.5822856099705,177.87259787571747,1021.3012887613758,20,0.0347,0.0347,0.0,0.0,5
0.23480947760665655,3.6473327593300997,4.156983869572148,-0.5029598823163182,-0.016089486305280776,4.2317672083861355,3.588117568653737,-0.03450628978635538,4.094226989398119,4.0958309483590085,4.159781146610546,4.066858743106941,0.0006395551138843538,4.160712571542084,4.068106802778928,4.094592468542529,4.094592466832645,423.5614542334162,455.4124178547911,390.50836862084645,519.6071999893587,526.9240752551578,511.7002897415599,187.75821148293318,715.4026591319583,13,4.01087,0.0725,-3.3405,0.0,2
1.8128347100656992,1.76171631112055,1.362894941064404,1.8209739076416749,0.013385380706714073,1.3638294390513281,1.7666019025462223,0.024545038982317226,1.3617772613211725,1.3606388542381793,1.3636775967686194,1.359674001094606,1.984759222070746e-05,1.3630165195433317,1.3587881929129546,1.3615178631340445,1.3615178643476318,428.49528816470286,457.5796861839369,396.09176098155035,486.77524119397475,484.5543148816917,483.56793254773345,58.20467058816185,240.84565425084907,34,0.0026,0.0026,0.0,0.0,0
2.2421513567716564,2.2435115763825735,2.7780279522359015,2.1682230652921914,2.346461170765063e-06,2.778003085993719,2.1696698607541354,-0.0002946030981041299,2.7381734718400477,2.738203763939789,2.7810992143951196,2.720492302950649,0.00035890758131222665,2.781116805130055,2.7205158735961517,2.73818037421783,2.7381803741855375,426.4676751175509,457.1675114483722,394.54543939465634,516.6840273502305,520.9905410664009,504.4099258065543,124.38879951494204,479.365486259029,16,0.597546588,0.597546588,1.68754e-14,4.88498e-15,1
2.0495124182517,3.9732966600012705,4.451140794791405,1.6043492761869522,-0.020181086889633444,4.585018817209372,3.836384363279402,-0.037345575621843485,4.453063367422375,4.454795623001194,4.460449867810911,4.4451856472460864,-2.167172971427554e-05,4.461455795065443,4.446533536052605,4.45345808031858,4.453458078471926,430.71560438711714,455.4762310515935,418.29148775305725,499.1710380512195,503.3096207726042,502.91712594932085,196.78296791879717,779.7152928651983,29,2.1458,0.1318,-1.846,0.0,2
1.9791503721101593,2.0290708050612465,2.7661858613821417,1.9005621382954239,-0.013063464694339827,2.765273263470982,1.9536599287347558,-0.023961594999673964,2.7693943768231133,2.7705061051954862,2.772170291311038,2.766707107547041,-1.759077946205815e-05,2.7728158761098864,2.7675721567045293,2.7696476959816816,2.769647694796535,425.02221585003724,455.9761676001013,391.27392338439597,496.72644801765244,499.34702957397946,499.17289759268135,121.62250248338363,484.71317160223236,30,0.415740825,0.415740825,1.11022e-14,8.43769e-15,1
4.210320037316111,4.307688586728712,4.0946637633500025,4.1879239685486285,0.008972363684769868,4.118738363257398,4.286791955286057,0.015640624032591192,4.092975867607177,3.96347588899447,4.14354499915945,4.069781962581959,0.00046083496502567474,4.094938518976778,3.936937300842428,4.034116370019823,4.034116370766028,427.4376637483128,457.67846759073126,396.1988829106329,526.4914356507874,529.089016153735,512.4237366367012,186.1758505885399,708.6621083362572,13,0.19,0.0812,-0.1288,0.1288,3
6.381304683434573,6.317762436065277,5.832795311928023,6.381837989635809,0.016658752189650617,5.833956930904295,6.314251377593301,0.03053066096101263,5.820621943416784,5.81920685714712,5.8337681847759315,5.808423458310216,4.4851345554267825e-05,5.8329464389183485,5.807322362740679,5.820299500928096,5.820299502436634,520.1507810271136,520.5818154313097,518.7651331716145,518.1495876654894,515.5627082779207,513.5172801468264,263.1266106185473,1026.6411173346023,23,0.0236,0.0236,0.0,0.0,0
4.7496083429166935,4.8378495764805605,3.748894355803299,4.76293664130637,0.035408735920528504,3.8168524031825557,4.819719784662672,0.06469175080436997,3.704673920056627,3.7016795224377637,3.752853006361701,3.6883610726001326,0.0003661103443699897,3.751114148532319,3.6860310959603773,3.7039916146445493,3.7039916178366963,431.6278589570461,460.1851552903541,402.0558872127078,527.756279312748,524.0747235401224,510.76101345364475,168.81635977907519,654.7221767816336,17,0.1977,0.0634,-0.2227,0.0,2
6.028717171682095,5.838122088955018,4.569189925455263,6.039649316266426,0.04991674252240207,4.572674203617365,5.836923154589794,0.09152555727669001,4.563164903004348,6.584664940249975,4.57762613627342,4.554548283171298,8.120678398919107e-05,4.57516130812851,4.551245545074133,4.562197736192493,4.562197740717356,434.0889216775744,461.56350453380463,405.07728659466,478.5657994868186,515.9544802936131,512.130295613498,205.22964777187974,808.908583570831,24,0.247183329,0.247183329,2.13163e-14,7.10543e-15,1
3.640996048173923,4.540588922604988,4.234624957437329,3.562640340167314,0.018365416170921592,4.282112455165415,4.529439579868589,0.018300328196676808,4.301459088023019,3.36332157708758,4.31320074681949,4.235068140168072,3.877139282381e-05,4.234914401105712,3.288316462881521,4.168568252230095,4.168568253122915,427.47905200469927,457.64373821923294,396.4185751213857,528.7561161482924,531.7324297568081,513.1728871513326,192.68682351118213,731.5429303771303,11,1.0109,0.0509,-0.9372,0.9373,3
3.174064386630591,3.5413908894695574,3.8617591240967384,3.155740722786142,-0.012640153852251005,3.924975664901028,3.478343131954417,-0.023200243256040573,3.979386761491725,3.661462993029946,3.983319214125139,3.8632461506435885,-1.5566257911328412e-05,3.8618441857804315,3.6541835792894126,3.864931992318302,3.8649319911709967,425.15931772436244,456.21146689522027,391.661806905901,502.14674815632316,504.7959986743236,504.21237057304415,171.78118331555314,677.4567063595401,28,0.2705,0.0634,-0.319,0.319,3
0.630976341628563,1.3586341403362532,2.223778789135159,0.4862396106288376,-0.030947259761533275,2.284216912450621,1.287324333284391,-0.05678176418982182,2.2254570076891396,2.228090609649414,2.2271681858565646,2.2248152776690953,-4.457813836308781e-05,2.228697528305694,2.226864514887025,2.226057101965007,2.226057099157483,422.5091538287087,454.58970714873385,387.67524494053265,492.11780701069864,497.98526726807034,497.2028597043238,97.47007172463184,386.8352327412304,29,0.6718,0.0591,-0.6094,0.0,2
5.63749003630205,5.6897620844156185,5.469881213983979,5.6321762913418745,0.007547245724694512,5.495504562992549,5.68282621508828,0.013793514238098077,5.487883319207272,5.4064457745292,5.51711952641759,5.470433467576687,5.721616598509457e-05,5.470149301852867,5.395637386429228,5.445138047857352,5.445138048537,492.55262313685927,493.09706037088614,491.2546768239425,521.2186484288817,520.4584519459319,515.8232660237386,248.8167173019389,959.3543353602743,19,0.0957,0.0397,-0.0809,0.0808,3
2.350817949923234,2.489435200618411,2.787495684097195,2.332390253650916,-0.009733182697295333,2.8080098293761346,2.4746954186807195,-0.017945174138301795,2.8078618740616474,2.7075973834830522,2.8307212707573997,2.788851409647961,4.3963191436047535e-05,2.7876064541845373,2.6972015295324767,2.7611522537882656,2.7611522528975794,425.4743153989278,456.5682303802636,392.59636843452523,508.38006424595034,511.81951181731455,503.70841026008753,124.2030867181676,483.4989943546638,22,0.117,0.0358,-0.1011,0.1011,3
0.8496688686477216,0.862850579551111,1.2617390875480297,1.1400455204175386,-0.003451291563260916,1.2614981120371054,1.1540662266054402,-0.006328991025786384,0.9659813708555977,0.9662749276447,1.2615372670402916,1.2589992070224092,-4.771382259664496e-06,1.2617077365590634,1.2592276270748237,1.2600589633464896,1.2600589630335464,426.3961117835305,456.7812706993227,393.29494168140906,489.24353786247525,490.13523443970945,489.4597120858409,41.61226696342254,252.58815310682024,30,0.0029,0.0029,0.0,0.0,5
0.2792002992516744,0.29762939060921234,0.6910757889240196,0.4612284060666869,-0.006604234383131985,0.6906146703314965,0.4880577227833439,-0.012110817474412824,0.6892858248348872,0.6898475603112321,0.6906895953721791,0.6888521854801607,-9.459255043695407e-06,0.6910157972516258,0.689289278580075,0.6894138222502109,0.6894138216513785,426.03492040096245,456.7775021621996,393.0125649445312,470.2095835939915,486.1450869760309,484.9658746379885,29.360641832837114,170.49955773539352,27,0.00253,0.00253,0.0,0.0,4
1.6949883580700553,1.997764252630313,1.9705971272175336,1.6588575622702613,0.002351061441801224,1.9893633796688568,1.987502788186911,0.0018404799430229348,1.9956100530494836,1.6891293441973434,2.003552614612554,1.9714531048700277,1.749457224289259e-05,1.9708057466820694,1.6585903043458343,1.93829166267732,1.9382916627633586,426.485786847781,457.14938160963067,394.7193434551701,514.3792176006287,520.3682918411475,499.66231668862076,87.66561909923102,338.6905687006638,14,0.3444,0.0306,-0.3064,0.3064,3
5.428854820804839,5.3513659755357015,4.819034011058005,5.406663416839202,0.021500428182584203,4.820450588482327,5.324242527751203,0.03841701890567292,4.745110384858002,4.743384707760759,4.820220415327593,4.707392746811982,0.0012400180598061813,4.819218308221769,4.706049976800742,4.744717170938938,4.744717172778579,431.99332779005306,458.42729864877373,418.15226400140085,533.1986485215606,534.8939977534828,515.6686097802424,220.30445960852256,834.1469109110416,10,0.1107,0.1107,0.0,0.0,0
5.322568961946859,5.372814528106984,5.182252323690223,5.317904462337766,0.005730019775228671,5.209351845679374,5.356559027961485,0.010500541484134467,5.221830270301844,5.14914357191552,5.22908692918766,5.182786855839733,1.529968545865271e-05,5.182504301625349,5.140308149997997,5.183219370887235,5.183219371406074,469.59883508371826,470.88869471918576,466.8921003320306,507.9528562648717,507.1821230910659,506.48548519467596,231.01982204036435,912.194632147085,28,0.0613,0.0261,-0.0721,0.0722,3
3.2149657644983956,3.2124338618396573,3.21521578495211,3.2083332894978507,0.0006942713283694881,3.2152620707902133,3.2056402351944513,0.0012470110276103013,3.192624815304241,3.1925684298152652,3.215254550017121,3.185485029693868,3.2274287649267195e-05,3.215221806754052,3.185441155469782,3.192611967269615,3.192611967329724,427.0048645359896,457.4854582397838,394.7592669812011,511.174110471157,511.96469689667003,506.6665499197575,143.6191852159516,561.1810791543348,23,0.0297,0.0297,0.0,0.0,0
0.586618064465283,1.0236672394496396,1.406329504197846,0.5153731839821608,-0.013349062322840078,1.433894443592622,1.0032779239635865,-0.024546239315924936,1.3907470741744277,1.3918861666400182,1.4082463772925922,1.3866508180070682,1.6217565019544448e-05,1.4089078525221024,1.3875371594931247,1.3910066285332856,1.3910066273189678,424.9135587282971,456.2896397044593,391.8565461863579,501.0326424408213,505.32502026105925,495.36162317698626,61.565935831471805,242.13998937639101,21,0.43,0.025,-0.3859,0.0,2
-1.018379583675089,-0.9281164427932498,3.6602909377251454,2.6010222908568283,-0.02362910684467672,3.6586408309409353,2.6970306458607785,-0.04333447602438506,3.6634015564221243,3.6654117193942484,3.668213462207998,3.659755248748643,-3.079416529095253e-05,3.669380771318983,3.661319380625334,3.6638595934798603,3.663859591336947,423.59401395524407,455.3640434952222,389.4553737053622,554.1077020501058,506.6412903511944,506.12499990826353,163.7465493873381,640.8941031400653,26,0.245816399,0.245816399,2.04281e-14,0.0,1
1.835556297428691,1.8530807964105673,2.1748817216923224,1.8001655941974128,-0.004585621088397605,2.174561355457105,1.818805500133439,-0.008411394667471185,2.177535752342843,2.1779260230512087,2.179914873294182,2.174475777419393,-5.335726847985944e-06,2.1801415049454183,2.1747794517303616,2.177624679683292,2.177624679267248,426.2360316596859,456.6857763230091,393.0558719798165,496.14159226232624,497.282936339744,496.0046887726286,95.17374969498006,381.82519108062104,30,0.216785358,0.216785358,7.99361e-15,0.0,1
-0.39832582463445093,0.9933244137344074,0.8931815372863251,-0.6952632187227344,0.0024720889863410174,0.9240751483226709,0.9678073813145699,0.004297367153413475,0.8940534577469084,0.8938541464961212,0.8961685639173723,0.8929128236952969,3.8479089476887195e-06,0.8960528231330717,0.8927577372246662,0.8940080425541352,0.894008042766609,427.2853268663095,457.58603361323327,395.082280491328,493.0254451510855,493.03334241996635,490.8691965425044,38.1328630316737,157.17487491563878,24,1.6691,0.02724,-1.4006,0.0,2
2.0875840129480157,1.9671298282258554,1.025503307235785,2.109106314583197,0.031540731034940185,1.0277053361620092,1.9809854093782153,0.05783708551990879,1.024722922371247,1.0220404068798867,1.027347538602863,1.0221101389956444,4.650531768289134e-05,1.0257897918843895,1.0200228415735257,1.0241116826259953,1.0241116854856633,431.4831396747156,459.90840200815956,400.9455669906574,492.36323110386,487.12218143556214,485.2288467802475,44.319117090031526,184.1893349796533,28,0.00193,0.00193,0.0,0.0,0
2.917363704555913,2.635395930825714,3.81112909012486,3.983812353904053,0.005298021554962853,3.8114986531082056,3.962310027848003,0.009713419791168207,3.807101191744081,3.806650989471053,3.8114386045176456,3.8013835289455655,1.0479067314194386e-05,3.8111771703840063,3.8010332211665614,3.8069986083578655,3.8069986088377994,427.51743299399084,457.24279877788575,394.78195828277507,496.50171238592486,499.9267199372728,499.341827866581,167.31911641099913,929.2374063283827,32,0.0095,0.0095,0.0,0.0,4
3.580588912915103,3.8153136554138443,4.830725746221736,5.463938603737534,0.018972556533365447,4.8320491808610955,5.386937052143496,0.03478739698777272,4.8216839478943365,4.820071737500729,4.831834142049383,4.81064637197322,3.778746302916391e-05,4.830897925480189,4.809391891762639,4.821316588573037,4.821316590291717,436.2224282095705,458.5256978846042,426.0820116604283,512.4376366901788,503.8539290695528,502.52505896090213,213.02264438383273,1218.9153640466714,31,0.0192,0.0192,0.0,0.0,4
3.3358187384111067,3.354138195351209,3.8881945522316115,3.2751673453125734,-0.004770286081726487,3.887859653330524,3.294652807037654,-0.008769606942020385,3.8737097585636935,3.874117732991053,3.8924843395136826,3.867037046387301,1.3627389717017268e-05,3.8927212517803547,3.8673544961739887,3.8738027198852034,3.8738027194502864,426.21898522383646,457.02801773847983,393.60921831922315,511.29835816439095,512.7537269990679,508.8202038564145,174.59473362547735,680.4543599707472,23,0.447932277,0.447932277,2.44249e-14,5.77316e-15,1
0.35012205166345994,0.5706090555665186,1.0424962644001823,0.3238898379625731,-0.015519726180040048,1.0539941546911995,0.5577140153829956,-0.02891563271195913,1.059181243150334,0.9003238351264509,1.06407323143224,1.0441285762713526,-1.655871307506595e-05,1.0425528795840517,0.8887732631630898,1.0240871670415854,1.024087165610329,424.1811854157478,455.7994867066624,391.26392107798426,503.3842645318616,510.85761500836134,494.2797117416933,45.69033519122146,176.87738504027723,15,0.1753,0.0182,-0.1602,0.1602,3
-0.12784926311948314,-0.08101755677872877,0.8205081902016675,-0.22499378837463277,-0.012063528747898586,0.8196520574548921,-0.1751813171640125,-0.022287359110563162,0.8080212329780542,0.809064175388363,0.8224742195299152,0.7991576233157413,4.77891465742585e-05,0.8230798600648713,0.7999691492925594,0.8082588785220379,0.8082588774102198,424.2162026914839,455.70020748943176,391.70669609568006,505.54677710818146,515.2260617832375,493.9903753851069,35.95186659521858,139.15399737818086,10,0.623454683,0.623454683,4.94049e-15,2.22045e-15,1
7.727462558462269,7.551145787328329,5.630961570946124,7.73944609125081,0.06745443432838191,5.653583326880597,7.548437928006878,0.12252706661139459,5.593663274042853,5.511633042875651,5.67083235900155,5.557190581997494,0.0011745850424534593,5.631762862831556,5.474909631714418,5.553180365863781,5.553180371865832,459.13245961499723,462.26764303162065,462.056154089817,545.9953631325843,538.5916210301118,519.5696002981783,257.51733746461497,982.9336880199398,10,0.1699,0.11,-0.0765,0.0764,3
4.596183947279396,4.675661634195344,3.5385902479327935,4.604601208773227,0.03767410209764307,3.5908957054083253,4.673507573347813,0.06863006994513497,3.4873985718485065,3.4842245989924003,3.5422723565984606,3.46215901607483,0.0006620532337647467,3.5404292187612154,3.4596893097928865,3.4866753483046904,3.4866753516882714,431.59998139786944,460.1117774452242,402.30942156247994,531.2307824257409,529.6689209865657,509.85741681612194,159.71550257627752,615.4836511112225,13,0.2184,0.0476,-0.222,0.0,2
3.39568563732323,3.568019830170589,3.9003265984790896,3.361362485809541,-0.00907701249248331,3.9227312935129013,3.539917495551083,-0.017637017580819453,3.897490944703756,3.764037966430313,3.9471442704210618,3.8768886033744945,0.00047993426974665357,3.9004361390865996,3.739347681121488,3.8377839476318023,3.8377839467288437,424.74494677224266,456.07690739289245,392.3079340977067,522.5545158644331,528.7083442744453,511.570947811199,177.60608507717106,671.2578517507676,12,0.1962,0.0812,-0.1343,0.1343,3
4.895155110830929,4.906790667038684,4.3903498038301025,4.9016925156820825,0.01664755425827672,4.4157118285802825,4.8961822944490185,0.03052390873099397,4.429976514485222,4.353360933901072,4.435923016519582,4.39037768059027,2.740988683868963e-05,4.390700983611739,4.347476200388715,4.39035395936171,4.390353960870776,429.2716126757382,458.46230161688317,397.5163540830136,507.19111403920056,504.3931877890298,503.43760056889107,194.36905815068798,773.6514714974509,30,0.0615,0.0236,-0.0752,0.0752,3
2.164175773639859,2.331700944186455,2.6830738193399872,2.1419310200108352,-0.010951635449745343,2.7029872740628944,2.3149946753769273,-0.020463740938367486,2.6962203646093337,2.572678535442301,2.72501507618981,2.6844964501079893,0.000122683718846582,2.6831714895546535,2.560442014305491,2.643838694045915,2.6438386930244673,425.0579463826588,456.3375861134805,392.31340600911074,512.0413030336598,517.0205237819966,503.52889929314523,119.92574512552969,461.9296659889758,18,0.1534,0.0468,-0.1245,0.1245,3
6.119936500775743,6.125674529717325,5.6307371520889635,6.107325974679718,0.018840285159400286,5.652603333617732,6.109555587480183,0.03391186687668063,5.604284183698096,5.527741719144001,5.671597597600809,5.578995820452906,0.0006597823212230198,5.63110188269991,5.50199561031513,5.564532716709688,5.564532718354017,494.7750858432504,494.40709900283775,494.73974583997244,530.9429139187573,530.266271928571,517.8998486615166,257.5973071770502,980.309247720445,13,0.1476,0.0923,-0.075,0.075,3
5.801552755039727,5.89154874025317,5.589098346157697,5.797064096094171,0.0093888768702792,5.6253528811281255,5.8743812117592915,0.017203151759902644,5.6448260457199675,5.518228690073592,5.658246528749187,5.589563431443643,2.4877547600546945e-05,5.589383501361051,5.5070429994682994,5.5810443597376365,5.581044360587649,503.6914936145227,504.25424327665263,502.2493952439261,519.0921222550894,517.9134770096289,514.9368578906174,253.7079999618542,983.7018172519181,21,0.1147,0.0349,-0.1258,0.1258,3
0.8793630137360124,0.8767088812644286,1.9856153164010883,0.6766929879132689,0.0016191498484508801,1.9856638367284636,0.6738699240605882,0.0021985735395731276,1.9561929287013577,1.9561338211536412,1.9884246888834802,1.936619654405886,0.00031208432223672115,1.9883903649107801,1.9365736621153011,1.956179460416636,1.956179460479647,426.2649916043428,456.9618469347604,394.54215621638906,515.8190416062636,523.2351052371426,500.0347712990656,88.30158133616159,341.23809678235915,12,1.332841369,1.332841369,9.21485e-15,6.88338e-15,1
0.8080718237251405,1.026046741861357,1.2949280066365285,1.3487652475330605,0.002911253448109527,1.2951061865204607,1.3383981866162569,0.004976973548008493,1.2732627694745915,1.27304571042818,1.29507723489008,1.260809612575444,0.00013002057398497032,1.2949511878948803,1.26064071633254,1.2732133102574275,1.2732133104888212,426.5351862579254,457.1234895495614,394.9361159171535,521.2942628680273,517.9505587172982,495.88070092985197,57.263738870726634,317.7584278822323,12,0.034,0.034,0.0,0.0,4
0.8438670618259105,0.45812262339305965,1.2257607910792312,0.9719946137233549,-0.007288335745291233,1.225251903209945,1.001603295827539,-0.013365272703677197,1.2239615072195622,1.2245814353124536,1.2253345900608492,1.223198928584722,-1.0410768139532386e-05,1.225694584609064,1.2236813020563233,1.2241027644427895,1.2241027637819215,425.8470155026095,456.46026651273144,392.48883452413565,481.5795445300382,489.818637070354,489.2481533110318,52.67850886613622,243.16181392594729,30,0.0029,0.0029,0.0,0.0,4
5.088761577406535,5.049216418931044,4.74928280060941,5.087263734197947,0.010363944436357311,4.750005727613201,5.045201588228997,0.018997048448761565,4.739823843435398,4.738943172494298,4.749888262527108,4.730402441873298,2.4377156693606665e-05,4.749376853637589,4.729717181269578,4.739623173175181,4.739623174114011,435.1116656147756,458.0561884663898,424.7451763729909,507.3993881843691,505.894297237482,504.6808641144191,210.55052451333964,834.4469818257301,29,0.0184,0.0184,0.0,0.0,0
1.602714677739612,1.734821853091805,1.8384846068847553,1.597432756263348,-0.004084893356724094,1.8604992913379235,1.7151333039191072,-0.007493257991626262,1.8817289419133092,1.765576513811747,1.8846456509497465,1.839574188702492,-5.469712002042304e-06,1.8386474872433183,1.7636446385582139,1.835108139874828,1.8351081395043025,426.35523524106117,456.8481438587135,393.32152932030203,495.6167467907497,496.702836936245,494.62469868172275,80.15004417807788,321.71958208863094,29,0.1004,0.0216,-0.1165,0.1165,3
0.31934187604739267,0.6579177428444991,1.1298861414571484,0.30225008479554116,-0.016396177671525708,1.1532385327221353,0.6316215373409585,-0.03014009789114921,1.1711622433619513,0.8967602623311991,1.1723250023907905,1.1315486857785155,-2.3740438827286744e-05,1.1299368372035712,0.8928365010772461,1.1221807968843347,1.122180795393991,424.5979334801844,456.01497120043206,391.1470214935231,494.0431137612614,497.8238479031878,493.00378313332016,48.969895839396294,194.71638302781366,24,0.2619,0.0238,-0.2758,0.2758,3
1.7134028143588929,2.196681836680809,2.6560224402829906,1.6958195488338017,-0.017258514605557253,2.7143162745029312,2.1321980327438617,-0.031679205745517,2.7648871177271337,2.3490564709911284,2.765412258836693,2.6576238936339025,-2.428902762991403e-05,2.6560655177396293,2.345467215001476,2.6585219255288637,2.6585219239624744,423.99791865200183,454.7848099852896,389.4508323344659,487.81284347729576,491.19464987689173,491.1375431734234,114.80469360872056,464.22217857829145,35,0.3656,0.0589,-0.4173,0.4173,3
1.2804501814320937,1.2576446061131514,1.5089873624692631,1.7054111872941276,0.005973903398071343,1.509404272322975,1.6811540727711007,0.010952588814471188,1.0792188276967998,1.078710947383438,1.5093365305570674,1.4996103410143273,1.1105689022242161e-05,1.5090416025709794,1.4992151532615487,1.5020529755052245,1.5020529760466452,427.83447215482005,457.8295283132547,395.654417747168,497.6982630807639,497.262670676898,493.69921563751814,47.19765779999842,282.6664792604999,27,0.0091,0.0091,0.0,0.0,5
3.5411966792711005,3.4323010395643956,2.5835372439114774,3.5579046536905814,0.02851605572641586,2.585527970502894,3.442077976815221,0.05228906411296576,2.580325634029361,2.5779005274120306,2.585204506488932,2.5752144783979656,4.3953537033351265e-05,2.583796238060563,2.5733274739027374,2.579773047639549,2.579773050224809,430.66006772946463,458.84522617661395,399.26979070367264,499.3283886514519,494.5324812584309,493.08199048687067,112.09759143830938,456.7975176737717,34,0.007,0.007,0.0,0.0,0
2.1642013572424283,4.269966783744371,3.976094563984393,1.6447701210738956,0.006021048819451216,4.099697379115571,4.154733081431905,0.01058120681925585,3.9816731530869642,3.981182442989258,3.985931927536345,3.9763269079606376,1.0529004017762631e-05,3.9856469703583213,3.9759450805582435,3.9815613395611593,3.981561340084276,427.80558450002303,457.8026404586965,395.61200889083835,508.21524386620854,507.36601466258253,506.80808564617,176.56968549332825,700.2786634957682,27,2.5299,0.1197,-2.1278,0.0,2
4.029808681554106,4.024828649476522,4.2756485017939,3.988832195520744,0.0013137478881487948,4.2757395420073525,3.983535192189547,0.002400938749642905,4.271567172710272,4.271456267362929,4.281279556301513,4.265940877878792,7.660068975117448e-06,4.281215153154004,4.2658545811001325,4.271541901744838,4.271541901863068,427.13434808245916,457.4978261289191,394.86754772608003,511.99019163700905,512.0872801333044,510.2258707097702,192.20813121118724,751.3230798602989,24,0.33169635,0.33169635,1.90958e-14,1.24345e-14,1
3.8765995870324716,3.846862861573543,3.6198032373064137,3.8756905811297355,0.007792664851559597,3.6203468558596654,3.8440611595997325,0.014284489736629989,3.614209297111357,3.6135470600384823,3.6202585257795543,3.6073420225229036,1.7632827094592105e-05,3.6198739622493736,3.6068267279274036,3.614058399336107,3.6140584000420777,427.87416631787744,457.4513467037106,395.30566477217354,500.91489507621924,499.9724048705499,498.8792720044441,158.73897839606525,635.871554831107,32,0.0121,0.0121,0.0,0.0,0
2.6798082256686437,2.5876280058672925,2.654601126208731,3.430629186422797,0.024450501764997277,2.6562862773796634,3.3325818397890137,0.04457436663519568,1.8664303494772956,1.8643774953719403,2.656012464911275,2.598781404463126,0.00034885136749085606,2.654820364900512,2.5971840541045186,2.6150621339728826,2.6150621361613067,429.9737796106385,459.21909529002636,399.6903611743845,521.3689251737532,521.5013766985049,503.61069082468,84.54543534652258,483.1307598247327,16,0.0547,0.0547,0.0,0.0,5
2.053515244110431,2.0955454390325516,1.8798190057172928,2.0562552666241816,0.0067222986085891945,1.8973882766973122,2.0845516185973456,0.012325988057387174,1.9116105603346043,1.843238893605545,1.9140120270126557,1.8804071921957686,1.0314857649920136e-05,1.880080058017837,1.841162371469208,1.8796802999775013,1.8796803005869207,427.80178821853644,457.502265772856,395.33196433791744,495.10522657424946,494.13454686262855,493.3205629489935,81.69253143823201,330.9744223059609,31,0.0549,0.0164,-0.0677,0.0678,3
5.393838840440912,5.406749395563052,5.572204771127511,5.367254859660447,-0.0028791612126087755,5.571968752628877,5.380987151425674,-0.005697664653336924,5.507758723994318,5.508046242142377,5.572007102189919,5.483761596847272,0.0004964619597172228,5.572174065047387,5.483985318160789,5.507824238068753,5.5078242377622475,505.19627136343394,506.18721003600433,503.62985657039957,524.32218433795,527.1210922398493,516.8236264235475,254.75639230031652,967.9774985136094,14,0.0886,0.0886,0.0,0.0,0
-98.35476008447182,-98.43471615429739,5.46830025619051,-105.28274345648393,2.8101092347384617,5.469761937069337,-105.36778860511296,2.8275644452835165,5.550765307659977,5.548984685455526,5.583422371261587,5.469920548337198,0.0008151154590277539,5.582388357327741,5.46853502488017,5.550359573912625,5.550359575810839,483.68741908715856,483.48827759360915,483.10923027187533,511.1648452961101,516.5731015039096,502.52491132293255,196.220604066582,962.2978190956875,20,111.4716078,111.4716078,0.0,2.04281e-14,1
5.827203737206187,6.1473184519015245,5.849180827076329,5.806210184576503,0.01098404973707963,5.905584378486107,6.1319753710482,0.018913622825081147,5.916718089730155,5.557161022171588,5.9601700616512305,5.849613342718684,0.0002593393126808983,5.849472359333697,5.533346448189522,5.782022797752215,5.782022798665883,520.4819546186945,520.682973237224,519.7868781850855,529.0465042539769,529.4914007121721,517.7255640478019,267.81365551797853,1017.9525733602297,13,0.3898,0.0788,-0.3586,0.3587,3
5.124856187147934,5.01861303720153,4.410452443343182,5.108350521722749,0.02782648771712435,4.4123946796377105,4.995345161432782,0.05102043103287146,4.414919306019734,4.412553270366931,4.422513826589217,4.407759136870706,4.5563176919396956e-05,4.421139860889552,4.405918096200243,4.4143801795787745,4.414380182101063,430.9495900737138,459.5936238234408,400.16056944440714,513.0050566089449,508.2504983089121,506.85943410157836,196.44934474893148,779.5601871815564,28,0.259565096,0.259565096,2.13163e-14,2.04281e-14,1
0.26475227978420257,1.1587829911833134,1.2508875012664755,1.1393126119581998,0.006159751019016852,1.251316324117566,1.1143623621226892,0.0112806999626214,1.2428424884668388,1.242320095719223,1.2539704586634695,1.2398058080574814,2.2288250090584283e-05,1.2536671032528581,1.2393993280058493,1.2427234557115752,1.2427234562684666,427.75561938327075,457.90302059314615,395.95149012743605,501.6592440396086,560.7597795031481,494.43309801509355,54.635902481777165,218.94230440840673,22,0.322971458,0.322971458,5.88418e-15,5.10703e-15,1
1.6997879022501168,1.7624941912990557,2.6152657358375415,1.6419983897815564,-0.016347426441051045,2.6141193990567944,1.7086958360639457,-0.030036837141652842,2.5909551749002127,2.592351644372547,2.6176222670514466,2.5842347839914983,4.921923500640293e-05,2.6184332020656096,2.5853213936081287,2.591273375353209,2.5912733738645173,424.52726569746545,456.01570791614733,391.21207100864245,506.266916290115,510.6812661968747,502.5200296404618,116.32586206635605,452.7488395788911,22,0.408158324,0.408158324,1.68754e-14,1.46549e-14,1
4.43679797845844,4.50829933783097,5.128365181507176,4.4071949933885755,-0.01833784245957726,5.12705806160955,4.483247302466302,-0.03394730506607885,5.067710162835444,5.069302498582123,5.1272704495138655,5.052433715202391,0.0003570659519768513,5.128195124801701,5.0536727307122336,5.068072993506614,5.068072991809121,476.2510094566279,478.1538499273416,473.55707689285765,519.0630908424732,524.0953503856606,515.147824083364,234.03576227531713,888.6461248934545,15,0.0768,0.0768,0.0,0.0,0
3.5190053213490797,5.359412661118708,4.4290318666473825,3.125425221539417,0.030742152729185252,4.501402975389114,5.33312166066043,0.05449852471802881,4.371135939296947,4.3686129110034395,4.434666450449004,4.3484556901146,0.0005644055305130359,4.433201318539241,4.346492491590702,4.370561040409558,4.370561043099206,430.59481391758317,459.5515375484963,400.7516482539607,531.2307570353313,529.0174704462692,513.875464786231,200.22243753624534,770.8486349486637,14,2.3246,0.0667,-1.9537,0.0,2
6.036936249723645,6.0466914131438685,5.16316189614961,6.032978260407902,0.031629132124094975,5.191914395348041,6.037439149117496,0.05718439878419908,5.1578818480511055,5.027759669760816,5.2193646456467135,5.133831638614585,0.0006160287482051202,5.163641936965214,5.001991290291049,5.096084356780198,5.096084359575544,445.84162666690924,459.56905704147243,444.04653964337365,533.6869183007315,531.2136511698446,516.4797353014324,235.46336549955925,898.9254812521967,13,0.1913,0.0882,-0.1275,0.1275,3
3.805143527747208,4.846089927987639,4.648077569548183,3.7986750094848203,0.000382751441648759,4.838300486667576,4.660141620061022,0.0006043248199206763,4.6465820406708085,4.6465541229958625,4.654396762970178,4.6383623419547355,9.162390884443042e-06,4.654380551072548,4.638340618877596,4.646575679331022,4.646575679360783,433.6769694832452,457.2074585738196,422.6389540940869,504.68620585946604,504.92708161637967,504.15809665567593,205.91823063788976,816.5847778305364,29,0.8607,0.1881,-1.0422,0.0,2
0.5447995870387454,0.5560122218315832,2.2251874443436144,0.183353136398943,-0.0026747187253779565,2.224982465610746,0.1952794378612363,-0.005122549159024228,2.206754118058741,2.207003823509823,2.2281538666629164,2.201860888266438,3.775732717610559e-05,2.228298871546676,2.2020551870676983,2.206811016107158,2.206811015840962,426.4852477106535,457.1836702100022,394.00011476047104,505.92782053578424,507.7058212492148,500.05542678093246,97.68237993788185,386.7695425125121,23,1.940786053,1.940786053,1.28786e-14,1.02141e-14,1
3.0981525783951014,3.936857941659149,3.132258884219718,2.95273086152556,0.027735744096060385,3.1654179689186095,3.9328635201986044,0.0490093014392779,3.0882215910466986,3.0859568508132087,3.1368158947907054,3.0547235899623377,0.0007667125583653815,3.1355007517176174,3.052961368470475,3.087705545846647,3.08770554826095,429.7802628050446,458.9574969890177,399.873700458301,528.7731997800656,532.3569174123833,507.19803859130866,141.21355871255713,542.4384017655416,10,1.096,0.039,-0.9404,0.0,2
3.8216165534564746,3.877135526658906,4.3167017118342965,3.806164773899854,-0.014534121244268507,4.315686766731078,3.865217442922136,-0.026654468937792945,4.311503696371006,4.312740104271849,4.315851680495959,4.3071761059909,-1.8003953193237513e-05,4.316569667160503,4.3081381697823025,4.311785425088985,4.3117854237709246,425.9498324970003,456.1139246039801,402.6261859954995,503.71214604377997,506.5206191588771,506.4685418520878,192.53809145449017,756.1015707325287,27,0.0102,0.0102,0.0,0.0,0
4.873838601919064,4.916361852414583,5.259506025913917,4.854786529646014,-0.01112358914792858,5.258728656262177,4.900016318534715,-0.02040684046429023,5.249054361344819,5.250001354414927,5.258854967483902,5.2385225598121465,-5.363140036797075e-06,5.259404889880297,5.239259426458532,5.2492701438089995,5.2492701427994675,486.39675216596373,489.24858006004825,481.5410140571834,497.7458183955654,500.121366801208,499.54614488670245,231.18109032506445,921.1638010997488,32,0.0215,0.0215,0.0,0.0,0
0.582392749588863,3.0048145686499947,2.8539169064787218,3.04589462674563,0.01356391476505062,2.854860552887748,2.990990337942669,0.02483282235509486,2.831676837589701,6.236790947882893,2.85802368611998,2.824191856714723,6.939146072609446e-05,2.857356137170212,2.823297376767845,2.831414899981256,2.8314149012067236,428.83942219394066,458.55994193642306,397.4561757792188,559.7111411271567,511.41601225428053,503.2544606600631,126.82837750413144,499.07909521426996,23,0.273211139,0.273211139,1.59872e-14,9.32587e-15,1
1.745041905966292,1.756953408126532,2.8690574319142543,2.688410984865896,-0.0024922621076921172,2.868839677152374,2.7010806355105887,-0.0050926622845447085,1.8501463670993146,1.8504116363312964,2.8688750591227765,2.79590212204431,0.0006221463998371395,2.8690291019519654,2.7961085312098364,2.8213753924520044,2.821375392169217,425.72370356697166,456.64909307267106,393.7448093505089,519.8208858661492,526.8726748612967,505.47804850469066,84.87825813173308,543.822797105424,12,0.0733,0.0733,0.0,0.0,5
3.5196780473865896,3.507749834647698,3.4244835923182406,3.5176806350867933,0.0031290277239854757,3.424701652567038,3.5049932102612504,0.005733075987460354,3.4144261358026657,3.4141604944259867,3.4246662209594705,3.410038699203224,1.0250030469466794e-05,3.424511962024473,3.4098320004674534,3.414365606583754,3.414365606866938,427.4269225397566,457.66127295217376,395.21610981272784,509.6302632644117,509.42768613867736,506.9121927250844,152.90528778878218,600.5642594970042,25,0.0143,0.0143,0.0,0.0,0
1.954345435451794,1.9521078273827013,1.9678932959277016,1.9383586178889909,0.0008483611482096656,1.9679342017518127,1.9359785895656296,0.001336853392119735,1.9346012766408327,1.9345514450943178,1.9679275551524662,1.918166115493347,0.00026331104175375514,1.967898617788149,1.9181273409703605,1.9345899219918492,1.9345899220449718,426.4338379984588,457.11901207572475,394.6430793450207,514.3638728172783,520.3083392269923,499.6423015559432,87.62273424542154,338.043796939371,14,0.0497,0.0497,0.0,0.0,0
2.977395387033117,2.143778174953993,3.181879272988405,3.4430116406323235,0.0087943869413707,3.18248079578568,3.4080131697355687,0.015926219230150397,3.1548966298927383,3.154163853768465,3.1823830571111,3.1460795829379196,7.956167484810933e-05,3.181957531291533,3.1455094010619487,3.1547296590428138,3.1547296598239827,428.11284320623406,458.11072575313744,396.46988975316737,509.5160812296796,513.8608314688762,506.34499647567304,142.14824308553736,615.8885302682293,22,0.0354,0.0354,0.0,0.0,4
5.736587450366819,5.765995777104444,5.0003501559534165,5.743155829324675,0.025881642741675415,5.0325488590131995,5.767201679930985,0.047342360090085675,5.0293010823420214,4.89930989912696,5.063556596020304,5.000054983102063,0.0001275615630104924,5.000784167781276,4.887049997206951,4.966201797892598,4.966201800228487,441.2465084038909,459.49514960248507,436.4220213758153,525.5460660375363,521.8655632269466,514.9103578285808,226.61935096252043,876.8976390143716,19,0.1439,0.0456,-0.1278,0.1278,3
4.401229351113333,4.383443063191248,4.593654067425863,4.339284501620927,0.004667536829035977,4.593979219437683,4.3203661442880525,0.008550461554728817,4.5991012104788185,4.598705109729021,4.606509430981763,4.593402017724068,1.0921494421873044e-05,4.606279413803793,4.5930938069880565,4.599010954701292,4.599010955123552,431.2585982663505,457.7853756444435,416.4818865872831,511.6944172868423,511.1025119077758,510.2778116476804,206.41893724631694,809.2969279349139,25,0.414659577,0.414659577,3.37508e-14,1.95399e-14,1
2.0029033807664356,2.097347090266413,1.6783154571676249,2.0093419019668928,0.013533909041909997,1.7013597883767468,2.0895977693602914,0.024805364429191012,1.7178996958828825,1.5706493099514005,1.7234063483389592,1.6785879833788357,2.0967575335461118e-05,1.678638314951821,1.56759285431175,1.6697375681874544,1.6697375694138115,428.9154417170481,458.46146804242375,397.24134763757854,500.5322301957941,498.71593499619144,494.7556974170111,73.16398225616288,295.0965693089623,27,0.1345,0.0214,-0.1461,0.1461,3
0.9379852150189518,0.9279762125680433,2.8624817092184993,1.768105279599143,-0.028177531299692377,2.860411446219371,1.8885596325379044,-0.053410447847538414,2.811277801573046,2.8137997995814352,2.8607478337386523,2.790057323786042,0.00048586227183441293,2.8622123673580178,2.7920197206327533,2.8118524656989896,2.81185246301044,422.1069194631403,454.58947579376894,388.2908964556938,499.4291667763087,522.7535289846071,505.8152030600373,129.1326637828781,544.4507435239144,14,0.0738,0.0738,0.0,0.0,4
3.797547721075828,3.7882879901101942,3.855898315585994,3.7786330859482313,0.002428678862732612,3.8560675931871207,3.7687839875876543,0.004450170838867807,3.8608749805915443,3.860668766321625,3.8672869430477554,3.855745542768488,6.674056556251282e-06,3.8671671936545824,3.85558508497602,3.8608279924722884,3.860827992692121,426.9261289002719,456.6610181134609,393.78690701483947,497.07440420470135,496.7791862124171,496.2946262830535,168.62190570870857,678.3194690682569,34,0.160713916,0.160713916,1.55431e-14,9.32587e-15,1
0.18830667615914892,0.22767788407772674,0.8895842455293255,0.5327009542075227,-0.010309104990255284,0.8888644985242956,0.5745780779386481,-0.018904233854531733,0.5357095088808739,0.5365863059419205,0.8889814469070055,0.8879924912717653,-1.5019219728791524e-05,0.8894906062199757,0.8886747375630312,0.888563610675432,0.8885636097407316,425.41485191022076,456.207621708406,391.8543917550948,483.11257381318933,485.2194606303824,484.8916469927418,22.700463886606475,167.8832837073282,30,0.00207,0.00207,0.0,0.0,5
2.4534705959647223,2.515830691073179,4.6264457470287805,2.038692132461593,-0.016158108067208795,4.625305739036634,2.10502135010059,-0.029771941164587517,4.6265912878360735,4.627980047567062,4.6365198806955155,4.617746132932586,-1.1804447992027261e-05,4.6373263386342165,4.618826743507165,4.6269077315423335,4.626907730061861,438.254840683622,455.90055137218906,431.1729023619631,501.79518108863533,505.3358566524006,504.4937398104519,205.2075644206674,810.9103317456812,28,2.025764492,2.025764492,2.35367e-14,1.86517e-14,1
1.920084649089025,2.490493388761166,2.7817966355303407,1.885919909915259,-0.010249832447057855,2.825537812201288,2.453970615953239,-0.01988991589362275,2.7358485893428357,2.7367729892501877,2.7824611099162837,2.7051008460707764,0.0007155572483384641,2.782997912379074,2.7058201327067115,2.7360592237140815,2.7360592227286347,424.4147635398149,455.82080168231795,391.99681709498185,519.0155829091586,529.3632833600794,505.37079011370577,125.65295735215264,475.6370489875388,10,0.5218,0.0424,-0.5289,0.0,2
1.6550776495367046,2.3410871541487657,2.3593457831481763,1.5211617347656397,-0.0021153348444237804,2.413395704787118,2.2975937615076565,-0.003937881892944726,2.34841650290819,2.3485993286302604,2.3624200903302084,2.344745504768005,7.540945317337681e-06,2.362526257906696,2.3448877636513568,2.34845816169754,2.348458161502641,426.6724088518808,457.1601808139383,393.96843725111927,503.1554598463577,504.19264941192415,499.63148962449884,103.8247628614144,412.17043936059076,26,0.7642,0.0507,-0.6778,0.0,2
2.7126365991247354,2.644333795228451,3.160840473372346,2.468716806336994,0.01795331693484866,3.1620891203186416,2.39606663578945,0.03286450285767002,3.1624094249900763,3.1608883210950327,3.1671448434154317,3.1574701478294562,2.8363259340113437e-05,3.1662615327286554,3.156286558676244,3.1620628252554974,3.1620628268770545,429.52803176836863,458.7625652159694,398.0736449731667,508.03109200350383,505.07762336326226,503.37306906190116,139.66443482739032,557.8618164825938,28,1.307668476,1.307668476,1.68754e-14,7.10543e-15,1
-0.1240845717563091,-0.15061559654160725,0.6443712710632848,0.010079959462984872,-0.018012721852736602,0.6431108860619519,0.08341308663242172,-0.0330811495270167,0.6343453703547913,0.6358807735690223,0.6433156802277735,0.6322487511174013,-1.2430307982699698e-05,0.6442072945823618,0.6334434667420823,0.6346952283416503,0.6346952267048495,424.00679435397495,455.7298462145665,390.86769502121336,505.2702095855308,501.87057794333623,491.99472860490613,27.861656103941108,127.88515895371371,17,0.01296,0.01296,0.0,0.0,4
3.0130684382635566,3.171651813367511,3.0366561129830867,3.009975124197572,0.003705117066105262,3.070614179703089,3.1495599982034657,0.00678250761337563,3.09870646171718,2.9256920843872707,3.1065722476278945,3.0373846370210558,8.662141412738025e-06,3.036889687543673,2.9206400162565513,3.0278348274918914,3.0278348278270304,427.5089172811918,457.6492074514478,395.1964831429184,507.29075304349254,507.0849625824293,504.1837841010262,134.91659735041853,532.5851075817386,26,0.1539,0.033,-0.1727,0.1727,3
0.14968534619599422,0.16707895212624166,0.5576697252690789,0.09132081384094717,-0.004550394164502055,0.5573517518962311,0.10982149558730805,-0.008347592479933375,0.560802219766278,0.561189575485518,0.5617688639280999,0.5603474180260172,-6.537695606878158e-06,0.5619938028343135,0.5606488241490447,0.5608904828953867,0.5608904824824501,426.3298410195571,456.94291637566545,393.4456819353433,481.0506962393667,482.9578013328605,481.2688902123063,23.575037914217578,97.88624992669966,27,0.30959775,0.30959775,3.10862e-15,2.77556e-15,1
-24.10916789987595,3.0241467882316933,2.965415052041095,-25.366610910348985,0.05611674670600577,3.08567219134014,2.9069011704355487,-0.0037514689467866656,2.979187179964275,2.9793612131201774,2.9871954041188142,2.967409977787943,1.4392872502474517e-05,2.9872964658194405,2.967545395070285,2.9792268352737117,2.9792268350881854,426.6572017130374,457.2188287879421,394.1601540823367,503.4526100558524,505.59117866460747,502.54718909778063,119.06829807816814,518.354612927275,24,28.2616,0.1168,-27.1255,0.0,2
0.9463649820235989,2.312475890070412,1.7216338218044256,0.7213090140873907,0.02024287456068702,1.747279656076412,2.3102841820621083,0.03536752939180669,1.699296393638148,1.6976568959728755,1.725460977651348,1.6843395638136187,0.00018699896114418165,1.7245089152620536,1.6830638510502387,1.6989228166211692,1.6989228183689389,429.01833708456735,458.60253642201144,398.5194087162874,517.162538538708,520.1303991615187,498.4527469797153,75.91675366409612,299.3417526605408,13,1.66378,0.0208,-1.43973,0.0,2
3.2325243727966204,3.259745379082656,2.8873137858477693,3.2373668376771714,0.011831837765748678,2.910339705273029,3.2471122716674072,0.02169449441539916,2.9253749224620695,2.851868785972903,2.9291055054217505,2.8876649923884443,1.8825082096231055e-05,2.8876212382220334,2.848082105539552,2.888945663539499,2.8889456646120806,428.58275238933817,458.0595907561576,396.50506475813035,502.9268081763685,501.0760054330286,500.072192764706,127.16175041326136,509.075047062027,30,0.0571,0.0215,-0.0724,0.0725,3
1.4622108940884175,1.368108947495953,1.1664983000997364,1.3910902784742585,0.02483953732165193,1.1682185824534674,1.2909988901444398,0.045382934390245336,1.1545140006338066,1.1524183496600884,1.170622114680658,1.1434357989591846,0.00010202105669332803,1.169405162369333,1.1418051478448885,1.1540364842237663,1.1540364864578134,429.49666066828746,458.7871872716117,399.45873361020006,515.2383126928501,518.2706628168562,496.0248586967221,51.49219244195111,204.89657205781316,10,0.623454683,0.623454683,4.94049e-15,2.22045e-15,1
1.8948172593439871,1.9696326168231197,1.9649362577125444,1.8735314536747043,0.00114035052429917,1.975787163900605,1.9528695730122037,0.00157711586581721,1.9644461894934666,1.8867841754860881,1.9865788923880845,1.9499024323995753,0.00016506154309678603,1.9651428806234539,1.8676541785579281,1.9331320589409333,1.9331320590070427,426.2743341140021,456.97099419821745,394.55316890492094,515.8014905455149,523.2101568562288,499.8801984098163,87.78205407289381,337.29897696592707,12,0.1165,0.045,-0.0776,0.0776,3
4.251114226090326,5.433570166383496,5.572976599098231,4.220108891730398,-0.007642174450325686,5.686521660647878,5.332396940150469,-0.014562620133150045,5.765368330785003,4.613844357776338,5.7706118300460405,5.574245335542208,-7.411103776818247e-06,5.573104401433136,4.59307136023837,5.551222370740149,5.551222370019477,513.0126331346112,514.5950901505513,510.5002753952408,517.0425235922414,519.1042181816089,514.9917891635569,253.3027426649237,975.8395945172881,19,1.0793,0.1134,-1.1521,1.1522,3
2.7167881440841724,2.718248508254636,3.7147148267690944,3.6255540261423453,0.0001007479002666273,3.7146881297792507,3.627107340208439,-0.00021806421898220262,2.72967407460156,2.729706596921306,3.714692467650424,3.6387325659491667,0.0004825780452306077,3.714711353482407,3.6387578719555576,3.6577170287521406,3.6577170287174705,426.2952835325526,457.0380125039335,394.4396728559951,522.4895756440704,525.8884516354304,510.6389185444935,125.6364719355444,702.7788200647742,14,0.076,0.076,0.0,0.0,5
2.7342774044108507,2.8174928065972087,2.5840923017253195,2.736178673529298,0.00709391296102873,2.6089874366015247,2.80007018342162,0.013005881828629422,2.631988902380461,2.5210857282078076,2.6350069844112536,2.5846633025841994,1.1370276324140999e-05,2.5843567189268066,2.517993965538534,2.582251462716525,2.5822514633595324,427.9547972297385,457.78325508222514,395.66978483099797,502.17251713514963,501.1751107438309,499.0709865465545,113.74653633601015,454.6343932579036,29,0.092,0.0237,-0.1103,0.1103,3
3.043711085562416,0.4406615670975469,3.0275459214167593,3.035784727659325,0.0062202171995140295,3.0279672908072235,3.0112681433906285,0.011252157846973459,2.992114327449351,2.991601014520514,3.0312792224316856,2.9791022817616297,0.00020777055945338994,3.030981139705595,2.978702866825704,2.9919973636275694,2.9919973641747815,427.6022419402244,457.8411298903486,395.9600575086408,545.3179910343925,517.5456084002896,505.74613464036037,135.52152739209424,525.7521139023073,19,0.199483434,0.199483434,1.28786e-14,7.54952e-15,1
0.4168633417101025,0.7467954749145245,1.1511063842694145,0.4013676471838742,-0.014132841234701933,1.1746167920569952,0.7215452060111124,-0.025989747871931836,1.1924133151469667,0.9178188381118701,1.1936775863471778,1.1526639323509398,-2.0414290859535046e-05,1.1511776380146037,0.9138019642038971,1.1433880064031166,1.1433880051179812,424.9217941837772,456.20430164272045,391.6224689518229,558.6375143884671,498.01057917483865,493.12856193084906,49.92301408877791,198.74850232225344,24,0.2619,0.0238,-0.2758,0.2758,3
0.20060512093803645,0.18282463649836436,2.5756393183145008,1.690543203303157,0.005478984028994174,2.5759643638852316,1.671631039044595,0.009360637648483008,2.536820630600835,2.5364246595177584,2.578796119724434,2.5112305823389436,0.0005147640039041806,2.578566177844412,2.5109224724981614,2.5367304043692522,2.5367304047913732,426.83174231140265,457.29317291006737,395.37418032238435,558.7414228942156,561.3222960242202,503.22560919576625,115.40441041886614,443.29421186975236,12,1.045333654,1.045333654,1.55431e-14,1.06581e-14,1
2.7548239559706382,3.4288127103231854,3.1476482346010353,2.618863957447293,0.0068879382429356895,3.2279274036829664,3.359384407005373,0.01258687558885249,3.1522417203348474,3.151657995720718,3.1582495457012243,3.147729844150306,1.2536206441658803e-05,3.157910574647719,3.1472756410390015,3.1521087124601164,3.15210871308239,427.56207474425315,457.03412536818144,394.7217462070442,496.49245962993064,495.97624364677813,494.6283790509685,137.00023444530447,554.2269929045294,34,0.765,0.0764,-0.7002,0.0,2
5.419125675955968,5.252792963883244,4.341512996194301,5.39257097489223,0.043580345943649665,4.344553732754898,5.215651445818895,0.07989244227471147,4.32768678791955,4.323982557320304,4.348629927447153,4.31811250319437,8.46823835015037e-05,4.346478866967155,4.315230197013607,4.326842739497414,4.326842743446271,433.13747487130115,461.0725982954626,403.76598720680175,523.9962697669664,516.7427826499761,511.48579683929233,194.95576745268525,766.5906997194522,23,0.447932277,0.447932277,2.44249e-14,5.77316e-15,1
2.880117825301979,2.752997127191614,1.7823795026179123,2.8867911227882175,0.0334699841266335,1.7847034024060888,2.7515793910434354,0.061221705227875206,1.7584328947193546,1.7556019159306961,1.7843258026107331,1.7396353556165556,0.00023271662233051882,1.7826818427035844,1.7374325371252288,1.7577878260294753,1.7577878290474112,430.8329185108243,459.6044238533236,401.3422577050527,521.601664915677,524.1261986601919,498.8950829165619,79.33921327293825,311.2991227780616,11,0.0412,0.0412,0.0,0.0,0
-1.3560837966423354,0.9093702976456551,1.1841396182249544,-1.8104970045218653,-0.010102588498959415,1.223708667013802,0.869832014837611,-0.019198192593758687,1.17929700987869,1.1801874559232417,1.1863274359164673,1.177025308755407,-1.0616061188992209e-05,1.186844521244901,1.1777181754841604,1.1794999075004131,1.1794999065511622,425.451888475648,456.5141971799717,392.39068001890587,495.0904276689938,497.8862203968756,493.3527995168939,50.538075367809554,205.34826388150705,24,2.6343,0.0368,-2.22547,0.0,2
1.9563774217923733,2.8781095489279953,3.8980692362147793,3.8082675586041947,-0.0012340125400229075,3.897971457991849,3.8139566003247753,-0.0024162276047273966,3.8664501597149252,3.866569273317206,3.8979873455258796,3.85653420629245,7.004183018235807e-05,3.898056515237546,3.8566268900125555,3.8664773010187306,3.866477300891751,426.6395999180681,457.29284519941484,394.3858003377977,506.0775871991461,515.974453526708,509.48278877625245,175.34022491105623,834.5772312725062,21,0.0416,0.0416,0.0,0.0,4
-0.05241198229880367,0.024921501594515144,0.6369373989060053,-0.06906189029222201,-0.02024328725934727,0.6355236616507032,0.013193748911353803,-0.037125961038651845,0.6299615792220715,0.6316837964204461,0.6357533733194269,0.6288067759628765,-2.3498276042729576e-05,0.6367534712491155,0.6301468537853807,0.6303540047663017,0.6303540029303496,423.892493241327,455.686104352682,390.42628163116154,492.30203516023505,497.38935853080807,491.1936329781038,27.400671618504916,107.92556189186594,20,0.00907,0.00907,0.0,0.0,0
5.228887342445841,5.2528019618169095,5.513189950184666,5.198371421332193,-0.005427083349238675,5.512752765841622,5.223808168826862,-0.010647884185716414,5.4399046556599115,5.440437234391658,5.512823801916114,5.41418044330136,0.0008256875457864698,5.513133072365578,5.414594849189203,5.440026009400222,5.440026008832472,500.49397452991576,501.5761794293944,498.85457942690357,525.6454716719197,529.5033705552906,517.1547744771995,252.68300755857737,954.8443347829607,12,0.0993,0.0993,0.0,0.0,0
3.25316413833137,3.4743046910575788,3.130677993391368,3.2474917046157827,0.008267119243873473,3.2307549332125363,3.3836235478779026,0.015155262549807895,3.1361905541649686,3.135487725065207,3.1410611889127544,3.1305946378356118,1.5074218732276559e-05,3.140653053441654,3.1300477580979753,3.1360304070637577,3.1360304078130015,427.76245948807815,457.1512712020395,395.01592335196096,496.8602375544849,495.8117812764404,494.79558436516754,136.54996439437986,551.7218160890804,34,0.1676,0.0974,-0.2527,0.0,2
4.887147944949973,4.963797648862578,4.2551522508314354,4.895337443897538,0.022539949114854015,4.298525340562869,4.939710181035699,0.04132293026688226,4.330159160132224,4.165542819468569,4.337269736442722,4.254906989842121,3.781254498840082e-05,4.255556910295063,4.157515862227003,4.255222501487441,4.255222503530336,430.2041055484193,459.22482678724185,399.15318550624045,514.4773908377825,510.8389514637432,509.18220076401695,190.45850478628813,751.1406470277941,26,0.1353,0.0412,-0.1627,0.1627,3
2.176996943205639,2.209381410703847,2.8092364067127553,2.1016467889475976,-0.008471723273945323,2.8086443846559384,2.136092477156953,-0.015541576754786162,2.8125074663998304,2.813228668705452,2.815489323598869,2.809544641866289,-1.0842860263921007e-05,2.815908128458918,2.8101058180153915,2.8126718000318194,2.8126717992629895,425.67924791249635,456.36027153615476,392.23848691634714,497.93233766615697,499.7258604453302,499.4260424471885,123.55614013133362,492.89332938833377,30,0.415740825,0.415740825,1.11022e-14,8.43769e-15,1
1.869523588050806,2.2604373264372577,3.3537571500717194,3.0410446966245783,-0.006753530576492396,3.3532489797396003,3.070611630180286,-0.012410904788575372,3.306158006203321,3.306777060191179,3.3533315500011884,3.2918948107998247,0.0003074233355645051,3.353691036953361,3.2923765041198343,3.3062990642523995,3.3062990635924634,425.54848612155484,456.6311262432646,393.13099348331764,515.0356971848342,520.3694849983142,508.2587199190259,150.9948368804311,794.5009775277964,17,0.0622,0.0622,0.0,0.0,4
1.7499920309687669,3.0436879093180904,4.918188319495349,3.7919410635183795,-0.030996026617811683,4.9160093868303125,3.9187181562716473,-0.05694224853387518,4.878963210433018,4.8816175900185845,4.916363431584134,4.867536141108825,6.49348440231625e-05,4.917904839677513,4.869601545645768,4.879568039112259,4.879568036282586,468.4741969662605,471.2292712077416,464.72392611359015,519.2408869978948,518.9451118762446,513.459391335938,223.80719408875035,1113.6769171921471,18,0.0521,0.0521,0.0,0.0,4
-16.265218002658997,4.99249683155736,4.806610049439304,-19.738796038517503,0.03694336399708963,4.977251824668354,4.828373348470431,0.0010992185662226277,4.797218199773059,4.797167309115927,4.827945036803396,4.786582291316946,7.457934217843833e-05,4.827915484409605,4.7865426926873065,4.797206603794433,4.797206603848685,440.2056198760154,457.39005376945966,435.1756952510134,516.6271432021246,517.4993666201228,513.4429880873328,207.63197829015618,840.0659816094991,19,24.566,0.167,-21.26,0.0,2
3.998037811299232,5.202924968075671,5.5179082822366,3.9628904715435116,-0.013515723078875842,5.631043277604981,5.099037448296494,-0.025333127896276446,5.71022001014326,4.559195580474207,5.71520007677217,5.519449492763745,-1.604273781782669e-05,5.517982734833704,4.538664218113592,5.496187876372525,5.49618787511932,512.1721873394213,514.103761711017,509.2664492078431,515.5000039155676,518.6196348087317,514.6679776774808,250.82932055435242,965.3759054400945,19,1.0793,0.1134,-1.1521,1.1522,3
4.626972296340299,2.6587897247961934,5.627296396275074,5.421973780108853,-0.005238348255630472,5.626927767726115,5.443421737860342,-0.009642573783548533,5.614824476963701,5.615273540907126,5.626987664484726,5.60394133655666,1.2640601939254557e-05,5.6272484375861325,5.604290758587769,5.614926800969384,5.614926800490664,517.0144821638202,518.7483208320929,514.1608532868393,506.7654682661089,513.7543843024498,512.3089100157434,253.89651987595977,1342.812698357464,23,0.0236,0.0236,0.0,0.0,4
0.1663465785312715,0.20777626189650392,0.7335220276373892,0.11890858439101068,-0.010845834673615629,0.7327646495406052,0.16297520231178128,-0.019890349336888515,0.7354018664142353,0.7363245057371094,0.7358366714264523,0.7354143498734762,-1.5865349635367616e-05,0.7363724515112908,0.7361322665775485,0.7356120996175437,0.7356120986339735,425.12702889676683,455.7040788143022,391.2153511770098,475.6535044467705,477.8791114198327,477.63145405097407,30.594178810995217,127.67392708622315,33,0.241249173,0.241249173,4.55191e-15,1.33227e-15,1
2.6121482212731895,2.605676182947931,2.9022236088735167,2.559650815599257,0.001711394963534199,2.9023419245271964,2.552766842156025,0.0031243057265256725,2.8901280072195066,2.8899838748831472,2.9061565899604385,2.885972495419067,1.3852669759617418e-05,2.906072891776882,2.8858603443224213,2.8900951651304885,2.8900951652841393,427.2244622053473,457.5375523060957,394.91102983848594,507.7018055126773,507.9636967642114,503.6124915424673,128.88819940840085,508.0190692859524,25,0.400898796,0.400898796,1.64313e-14,1.15463e-14,1
1.1619080287000763,1.2572543629900492,2.578948721833184,1.06203285861726,-0.024203133611711655,2.5772056907662253,1.1634478379754718,-0.04501819297319999,2.535455392032478,2.5375787555284592,2.580436553872888,2.506353701667405,0.000668904297265574,2.581669598948917,2.508005916227082,2.535939223036079,2.535939220772489,422.398471503124,454.6375533335529,389.0381549040058,514.8783865303576,527.8621732756815,503.8972868306485,116.44202881626252,438.5229473441808,10,0.657654782,0.657654782,1.55431e-14,0.0,1
0.13920970629553747,0.2853637395903649,0.8985059532677369,0.1107890730560421,-0.020149077477028276,0.9046881841378851,0.26697929928562203,-0.03718031939877302,0.903929346966375,0.8370564758013815,0.9119185509273728,0.8987480093588022,-2.64314445471275e-06,0.8985215010627134,0.8263919089845775,0.8816228916793605,0.8816228898381725,423.16422976541304,455.1212734870281,390.0841503396019,504.38686871610753,515.524593984358,493.8704491815625,39.559352305882186,150.82268025077133,11,0.0888,0.0227,-0.0686,0.0686,3
3.26262078651303,3.426450891132238,2.311707061793326,3.252146834250353,0.03873361138329823,2.3330133891231855,3.4330025879894244,0.06855628692255158,2.3372155554173384,2.027640522903169,2.3467898989746887,2.310875251948757,7.096154364876896e-05,2.3122461457900667,1.995604721134187,2.279192090419139,2.2791920938038497,431.691764196464,460.19281967740204,402.3620388206129,523.9340545010222,523.3699489107471,501.66810370237397,102.98674933161578,403.50584724842406,14,0.3444,0.0306,-0.3064,0.3064,3
2.1710707756194543,2.2376303616961533,4.560197164536995,3.886362233037558,-0.01702453353187072,4.558980385442135,3.9571582326774664,-0.031555157551972926,2.758377845182837,2.759860127605495,4.559178094284638,4.4870056700501,0.0003782875687988843,4.560038861198076,4.4881590517508325,4.502997525175165,4.502997523594993,431.7661662710326,455.7420934443075,421.74889849955156,517.6029200511193,522.6721079114271,512.9991622988357,127.01727560959769,869.2418609439169,16,0.074,0.074,0.0,0.0,5
0.004780968454021928,0.019794994226674995,0.8709434583893461,0.3636161128152008,-0.014353071934518616,0.8699399939007225,0.42200080390278694,-0.02633352841928249,0.8617976827902715,0.8630201049863226,0.870103042233305,0.8589602240945454,-1.1422293509310572e-05,0.8708129073470838,0.8599114054415968,0.862076224716352,0.8620762234132013,424.7833624409551,456.2076803163792,391.66072940235046,481.002116071681,499.7541860297811,492.63760759572403,37.74833980336812,178.6421006488345,21,0.01265,0.01265,0.0,0.0,4
5.966442401192607,5.841765827748406,4.8764792113868936,5.9834643822037545,0.032651727209666206,4.878758430010803,5.850852339837843,0.05986987142625959,4.866323886207554,4.863547338091395,4.8783880902524634,4.858364753396298,5.350611205169978e-05,4.876775738439189,4.856204288062951,4.865691220126532,4.865691223086443,435.3713428131741,460.16088828341157,422.97781894108164,521.9135906432624,516.3733980385516,513.229800138167,219.757707069617,860.1589902047027,23,0.0166,0.0166,0.0,0.0,0
3.71112587438354,3.304304176650354,2.9912865768232635,4.684377707737911,0.04979430508700413,2.9947610134265967,4.482224158620065,0.0912750881179444,2.977264438287397,2.9730318735371357,2.994196468192301,2.9692779398976366,8.453469539490083e-05,2.9917386021066505,2.9659845305881194,2.976300003297909,2.976300007809991,434.10098623912035,461.50296098670066,404.8740463551718,503.5840896826986,509.29581092762226,503.0436119611923,132.42697891966097,687.5095763343247,26,0.0197,0.0197,0.0,0.0,4
2.6546539393699837,2.7141221477501927,4.293706395742405,3.7420789538404717,-0.015565046959922524,4.292619254474993,3.8053322206835047,-0.02854755223160735,3.1793882602192514,3.180712617613652,4.292795899062762,4.27872876162783,-1.6353636836872127e-05,4.293564958325181,4.279759259973208,4.285896063778155,4.285896062366338,425.5218637900042,455.96742142397204,400.7889588207643,501.93057035932804,505.0253035138624,504.74153167108705,141.52527689598156,827.3464704922824,28,0.0157,0.0157,0.0,0.0,5
1.2790114071688106,1.6787096859745783,1.7562178722639303,1.2256097926748897,-0.002415434276351021,1.7765296089182199,1.6662635408214703,-0.004856991643694079,1.7293811421457166,1.7296104848829121,1.7587601989639587,1.7111429664191184,0.0002487371755152039,1.7588933791440633,1.7113214207488965,1.7294334003327467,1.7294334000882583,425.7841473144599,456.6744287627333,393.8335444943364,513.7118218365189,521.8475254551063,498.3613365975221,78.19944007537387,301.19607028293893,12,0.4378,0.0286,-0.3894,0.0,2
3.8522849482869046,3.9367371050023676,3.6501774829659426,3.8522058176497342,0.008684816107654427,3.684083460333378,3.9142481659790693,0.015920022165397237,3.707295708955482,3.589057506266044,3.7135849978561666,3.6505748330153827,1.6355440735647856e-05,3.6504563208100347,3.582700428664084,3.650627501604848,3.6506275023918016,428.081973012426,457.66606307941737,395.7432928709293,502.68946623152766,501.50609552314774,500.5085140566134,160.81511199799974,642.4627693048947,31,0.0967,0.0327,-0.1176,0.1175,3
4.553511172457609,5.041558339005929,4.054518024081727,4.472810055880188,0.030943190206909187,4.131176153786253,4.9963433441986504,0.056692855667745,4.0449390744931515,4.042310037110486,4.062325489209869,4.036784025279913,6.242726680111464e-05,4.0607987974279265,4.034738339814473,4.044340020304941,4.044340023107599,431.373166597261,459.9758033373127,401.08348097183324,518.9780982146973,513.9503048510275,510.14418146799994,181.57732737913545,715.0691552926461,24,0.6456,0.071,-0.6061,0.0,2
4.214837637043453,4.263000037147692,4.936638874972324,4.170148407363544,-0.012593367529672701,4.9357584157468475,4.2213762689146614,-0.023107701663511636,4.927862427660537,4.928935004629771,4.942425654519584,4.918367122147917,-4.298010433243337e-06,4.9430485039530785,4.9192017071298535,4.928106825754621,4.928106824611211,459.94641277424086,461.73488796548173,457.0901213557898,513.1684685521122,516.0328909988938,513.0965133194827,223.93897112567717,865.533256821892,21,0.332450959,0.332450959,1.86517e-14,0.0,1
1.300032232835958,2.664103625242414,2.669696271129546,1.0458204851868742,0.000605118979523304,2.7037456071674844,2.6512682723859022,-0.0012331037293614889,2.628686386606838,2.628748105534081,2.672553839321815,2.600929935492137,0.0005444335556074546,2.6725896797323143,2.6009779597283975,2.6287004499222175,2.6287004498564226,426.06616233713567,456.83929602937866,394.2475599159238,519.1094206205031,526.500129387058,503.6699928655539,119.5944069769774,458.7072039328015,12,1.5989,0.0305,-1.3613,0.0,2
3.130325300290112,3.2808038604560608,2.825860782443862,3.104571545898838,0.016891069586117333,2.846354381153005,3.2679425649723326,0.029046798820649766,2.8439741432003784,2.632341919339161,2.8635766873252098,2.8261341258229526,0.0001408695619055648,2.826203059976265,2.602497506485558,2.782070581794611,2.7820705832148147,428.4113709754992,458.2203156802167,397.69047063007656,523.4137201854304,527.8023273736303,504.3735674907031,127.08632847296151,487.90543914729034,12,0.2604,0.0528,-0.2103,0.2103,3
4.376723501072697,4.3378703745149165,4.315470370111653,4.333234600663154,0.010184585796613578,4.316180646045626,4.2919085333612275,0.018666612312914416,4.321223863717988,4.320358604332277,4.329031835573721,4.312906342551926,2.2226829666745845e-05,4.328529376231711,4.312233073863982,4.321026705144924,4.321026706067324,427.92798087958244,457.07420565124744,395.21705584606286,498.12911286573006,496.639728316333,495.6565611130363,188.3852334557041,760.1241635414963,35,0.332380112,0.332380112,2.53131e-14,1.77636e-14,1
3.1736509483468485,3.427033210356008,3.4912297003955013,3.146859964600867,-0.0023081238669036028,3.540732589328841,3.4069285007248475,-0.004902949613077646,3.434791244089775,3.4350313651361146,3.49266461700009,3.4025606735398966,0.0008943909365790862,3.4928040561843847,3.402747514601071,3.43484595822942,3.4348459579734416,425.56601358334746,456.493827700938,393.6869230602715,524.2485399315912,531.5070699270573,509.7943499358561,158.79107271755328,599.9703023330532,10,0.2472,0.0483,-0.2426,0.0,2
5.054900233614571,5.271349631608096,5.138244170212049,5.038448191951095,0.001069298324171217,5.247118219468266,5.172439775461524,0.0019522652958982147,5.139758617198127,5.139668410264622,5.148406187544972,5.131094967170885,1.0688690059977301e-05,5.148353804043328,5.131024776075858,5.1397380625868925,5.139738062683056,468.93176668759224,470.4987234967618,465.9128028441543,506.7085463419705,506.79750548076356,506.15847348743654,229.00664758023328,903.8895203478077,28,0.1363,0.1068,-0.2205,0.0,2
3.273002052829776,3.3449157504437563,4.331117570999502,3.1726914550096557,-0.018816606325756206,4.32980291312603,3.2491823470130563,-0.034516086498603674,4.339627137671105,4.3412286561931515,4.345142871841393,4.334508616405874,-2.3133127652321964e-05,4.346072879601023,4.335754777143178,4.339992060735513,4.339992059028231,426.77063069651496,455.74870906105804,407.8138046807408,502.6099916217709,506.2956776094837,506.13642847062573,193.5805280898404,760.4537778062431,27,0.510339935,0.510339935,1.15463e-14,0.0,1
2.5055123969865623,2.507848957438503,2.8635742043823025,2.479761333633351,-0.00033601854112122985,2.863531489604772,2.482246612503979,-0.0008461130808958463,2.824653352742941,2.8247053879596775,2.866704372132645,2.8101614458005,0.0003052628809196379,2.8667345891764526,2.810201935025671,2.8246652095216715,2.8246652094662,426.5004992846462,457.1890763930132,394.5264103918446,516.1780967585628,519.6529853967265,504.9475676919635,128.30260707587306,494.91004386242696,17,0.362755789,0.362755789,1.55431e-14,4.88498e-15,1
1.610754431664899,1.7343179152928458,1.7635242055907783,1.6044040946902982,-0.0010212113391918185,1.782249920845,1.729826212696402,-0.0019311104978539705,1.7897097126607624,1.6703002064680634,1.8017619910319103,1.7644735651062025,9.936353033540113e-06,1.763714541122234,1.665643979421164,1.744930332639249,1.744930332542779,426.7577506678482,457.3409943470306,394.39648860390776,503.7205678320378,505.3622162365322,496.9513405566661,77.39993200249282,306.10447064764327,23,0.1225,0.0202,-0.1195,0.1195,3
3.776745900041725,3.8678933971567524,3.633740517681661,3.7754304505414047,0.006931660747093847,3.667524097199119,3.844594287216091,0.012705206963374236,3.6908348638900264,3.57274576647562,3.69704552258598,3.6342191966567188,1.3779043323045431e-05,3.634003431527379,3.566460812905189,3.6342006317654887,3.63420063239349,427.83111409488237,457.51940981372746,395.37501653046934,502.2290500826282,501.3614555462743,500.41186178070205,160.0768371481076,639.339534314083,31,0.0967,0.0327,-0.1176,0.1175,3
1.4690197590917922,1.4907688316360364,1.6751063367893413,1.4626037140458656,-0.005682731227192454,1.6747087409152632,1.4857370810448185,-0.010430771510408346,1.6609287659621523,1.6614131179517262,1.674773344441392,1.658870524806326,3.830858046718793e-06,1.6750546094423864,1.659247404888656,1.6610391307252537,1.6610391302089151,426.1651125603141,456.9236130914945,393.3636950525302,499.5943890787677,501.36015303747337,495.7260357748952,73.2297958296878,290.8545166736703,25,0.0165,0.0165,0.0,0.0,0
3.3175479925938327,3.4491440769083646,3.102909527350398,3.319437979551713,0.010771660466581357,3.1373609500720683,3.4303178639140643,0.019740646783849257,3.1650561296817825,2.9914407452072935,3.173238854847751,3.1033102342447654,1.9046973551749268e-05,3.103207287680341,2.986097962625086,3.094047549573001,3.0940475505488374,428.5200686418172,458.2403311419849,396.6809156135221,509.1465787002888,507.66797119479367,504.5733659474771,137.89240393642163,545.1741091665145,26,0.1539,0.033,-0.1727,0.1727,3
4.039571726818071,3.965343120338166,3.4230301712830253,4.039978307947597,0.019637914162213704,3.424387148120311,3.961025166749173,0.03584276211683794,3.384594917027655,3.382941845469836,3.4241666591910254,3.370128509462294,0.00022993350510399035,3.4232067143918665,3.368842234690601,3.384218247054587,3.3842182488168273,429.52117418399394,458.9658870943438,398.7729349847011,520.7544528125674,519.4435665528367,508.0115457804771,153.58496297965974,596.6260783234121,19,0.052,0.052,0.0,0.0,0
2.016580869930366,1.79501022015408,2.733309006717234,2.8583679538885542,0.007055317712744518,2.7337067168467226,2.8352279391537594,0.01138811090028103,2.688786599835617,2.6883021086599017,2.733642094755757,2.662044742781679,0.0005749715469574871,2.7333607489288534,2.6616677543969463,2.6886762033574696,2.6886762038739564,426.9851216103728,457.3865238057556,395.5966487244598,523.3817769038681,527.0799819804207,503.8240544476493,122.94889333189514,539.9336636731193,12,0.071,0.071,0.0,0.0,4
1.633629409640032,1.6708571864117907,1.4014103268314357,1.6368655730217017,0.008853138175272373,1.4154277185195951,1.6705438006003657,0.016221932625876838,1.422230779751278,1.3505786721163597,1.4296274013818728,1.4019000924793414,1.7265704975468113e-05,1.4016906496822061,1.3475148685234775,1.3926594040106162,1.3926594048123928,428.2153670846413,458.12973936057875,396.45763680969884,501.2724027503563,500.61958405326385,494.8475274508535,61.240960477943105,245.754029371054,24,0.0689,0.0127,-0.071,0.0709,3
0.940662858722507,1.0183975807707248,0.8987706865915741,0.9304741179383615,0.004210653348710164,0.9068039565364782,1.014662589777556,0.0074644676608110975,0.9082159524667418,0.8146308725241523,0.9130079293051103,0.8994724640020187,1.2222653373848517e-05,0.8990075400995637,0.804073953166979,0.8855473223239227,0.8855473226917916,426.6505722221792,457.1594051652026,395.2023157775315,508.20555839956256,513.8847457352189,494.11368599511627,39.5396172354483,155.22822013567912,11,0.10794,0.01502,-0.09323,0.09324,3
3.962973362406416,4.085026481925997,4.023765917083243,3.9379347932596804,0.004088939942895273,4.047089802912832,4.063008417989217,0.006505796564775061,4.021109597136608,3.8865368590272142,4.071353424733417,3.999717153081386,0.0004992826552645861,4.023995044699349,3.86130493229292,3.961147450851509,3.9611474511422586,426.62886228291006,457.17825298039884,395.07363809100326,526.0121769783644,529.7945703435145,512.2967929336833,183.15042631274085,694.7129112729236,12,0.1962,0.0812,-0.1343,0.1343,3
4.313224845550205,4.594848669301333,4.849327467548483,4.288229995829054,-0.007943080161972071,4.892943866542859,4.575885721037216,-0.015081350500964184,4.899213607179938,4.6502245509462625,4.938538693187887,4.850615249219368,0.00015684556754334215,4.849451540876028,4.6338684430762145,4.796375603294412,4.796375602536518,445.5238881681681,456.5007475756248,442.5040341666093,520.3647054947951,523.6403470692285,514.2191555862431,220.70985691819635,842.1082099744308,16,0.2734,0.0639,-0.2497,0.2497,3
2.4375579418706987,2.6355709523557906,3.067711618805,3.3262158551210095,0.00834322798125662,3.068289553667713,3.292589803765153,0.015241559516727964,3.0483243737108854,3.047620332449773,3.068195647688204,3.040927602080278,3.536516372814317e-05,3.0677868083105007,3.040379779145381,3.0481639504057916,3.0481639511563277,428.1344988625028,458.08246342961615,396.33891727921423,511.9244420389252,510.62295713685035,505.2063701063384,136.58596624937465,687.1500921853875,24,0.0264,0.0264,0.0,0.0,4
3.9505313497276346,3.944244408834686,3.9266343503145045,3.9416922561421863,0.0017183171406129087,3.926749282192842,3.9350051612933625,0.0030908192809774603,3.895056773487013,3.894916763271697,3.9267306074401866,3.884957982255865,7.451924342649285e-05,3.9266493029876446,3.8848490386309584,3.8950248706672084,3.895024870816465,427.07555713271404,457.5477077725892,395.02581237794783,515.5323318818083,516.2258172895018,509.65075672177375,176.62324187674233,684.932725240273,21,0.0416,0.0416,0.0,0.0,0
4.912105652161042,5.021244088887454,3.9042856379349313,4.926423923373602,0.036841666060342844,3.948051594635991,5.020628566104956,0.0674360005912708,3.9715862552622463,3.7189604023187264,3.990134664125415,3.903480652906872,7.721176741819273e-05,3.904819469700301,3.7077483893050616,3.87837399635338,3.8783739996856634,432.13902310057796,460.46444885591694,402.38056979612327,522.6921948936516,517.2322421347129,510.2162247669664,175.02724325759095,686.4757069274032,22,0.2428,0.0405,-0.2495,0.2495,3
3.0081352942828334,3.0590907686233173,2.219375263928377,2.9996784342213543,0.02914302753697928,2.2352595717864796,3.057425219253189,0.05229192421175319,2.232662401753455,2.07064511444828,2.247237150722992,2.2189567634300134,0.00010156842675236165,2.219833422998261,2.046875843235196,2.1870115970772566,2.1870115996541806,430.2369122982908,459.2875354516356,400.37047772051335,523.0142437136618,525.5248961134444,501.4269218914386,99.14587515877558,385.63373038104237,12,0.1979,0.0386,-0.1595,0.1596,3
1.1558712250228096,1.1200123926662695,0.841032922510954,1.1616626883401637,0.009389777691135756,0.8416884596040973,1.1235214973826992,0.017218119805107686,0.8394608175870436,0.838662241153021,0.841581944394845,0.8380673419227523,1.4045641650593922e-05,0.8411182080907843,0.837445960037925,0.839278853435236,0.8392788542865501,428.3235475020695,458.1154439886665,396.3724104773364,488.6358918758939,487.4646612379998,485.84764922348216,36.09604452879714,148.727388491387,27,0.00253,0.00253,0.0,0.0,0
2.4131665348373494,2.447630464003577,2.744591544946383,2.3970026454480604,-0.008946079358176137,2.743961508147658,2.4336601498085972,-0.01646990014024683,2.7172686249695346,2.718036136900272,2.744063879931276,2.7080101815151556,6.493812343614993e-05,2.7445095769627925,2.708607391738036,2.7174435107431796,2.7174435099249816,425.58871629387176,456.63510966446717,392.764315993846,508.4400309475391,511.70547296775334,503.46248725352626,122.20976720921533,475.92330440737317,22,0.037,0.037,0.0,0.0,0
4.0046110708523015,4.374658476408012,4.812895415086572,3.9722986450716817,-0.013988160298292645,4.86047446589521,4.352200650652903,-0.026514578062728448,4.873296228227615,4.56033995031914,4.909040355236777,4.814573798741668,0.00014722966454466612,4.813062589279043,4.542541553792414,4.755979623561895,4.755979622236039,445.81752689643145,455.8967306938438,442.6981206160063,519.849560850161,524.5535240083474,514.193800683972,219.41187621645204,833.9483639713098,15,0.3373,0.0654,-0.3142,0.3142,3
4.106739107684516,2.77854722298695,3.927341735001284,4.618712352773753,0.023537404052710497,3.9288983641282034,4.528142819179414,0.04192581980398796,3.8706454328434248,3.8687491445169924,3.928645434616027,3.850307411485792,0.0005159060596629882,3.927544252935141,3.8488318868343585,3.8702133433373973,3.870213345358916,429.5403689310587,458.9351042070852,399.2036580742371,535.4738132700613,527.759499639576,511.88920253823585,177.8992183173771,835.6503718507188,14,0.076,0.076,0.0,0.0,4
3.148933396300228,3.120609175878927,3.7975196205647146,2.987347731224545,0.007692895526206165,3.7980374170433038,2.9572207184688395,0.013876356419880796,3.754248594491194,3.7536178139148597,3.8017806396734195,3.7399417626119167,0.0002426332887370103,3.8014143430477243,3.7394509446930106,3.754104864413947,3.754104865086384,427.73042912143273,457.90078680357897,396.2360276136357,520.1396935326627,520.9090263106743,510.1293478315269,170.83156235581205,660.2126510420627,18,1.065429739,1.065429739,1.5099e-14,5.77316e-15,1
1.3262218810541924,1.1969208603007322,1.169402549909749,1.5405775543732547,0.01090264494609964,1.1701636011229621,1.496297223091938,0.019990585865941213,1.166751030756737,1.1658239168370013,1.170039941409309,1.1648968590212083,1.662264721557538e-05,1.1695015629094379,1.1641754605797425,1.1665397779688431,1.1665397789571834,428.53980259111916,458.2518676986217,396.70988626644095,494.32336808136824,494.499349375002,491.7309691498325,50.796480717591486,267.3689714164006,26,0.004,0.004,0.0,0.0,4
-0.18484027073795833,-0.09029836428571056,0.9928009667131386,0.11388938846711014,-0.024689222528049167,0.991072641431386,0.21444873941374673,-0.0453286672388121,0.6493766062333287,0.6514820551160379,0.9913534690626024,0.9670493760872282,2.9919844753237992e-05,0.9925761110561033,0.9686876510718221,0.9735435199744287,0.9735435177299364,422.97773345345314,455.12917484424304,389.4197345541072,500.4686695402089,508.9976035949257,493.9452164516979,28.949136598685875,190.60691080466773,16,0.0269,0.0269,0.0,0.0,5
1.265945474104334,1.1969365718139888,1.045195402869122,1.1934604519433716,0.018079500220408086,1.0464569580351861,1.1200592409432315,0.033144834491950576,1.046980383876378,1.0454435551654238,1.0492935877346754,1.0445175752830438,2.699049921099878e-05,1.0484011455888405,1.0433217504622945,1.0466302010748978,1.0466302027132182,429.47822144189297,458.5811681401205,397.8156148248233,488.4713621266387,485.69425986363063,484.264300623453,44.77573361264848,186.1911964811712,30,0.473643118,0.473643118,4.38538e-15,3.33067e-15,1
4.371469381378731,4.331413245354144,4.245550950211926,4.354107039025943,0.010496717027619654,4.246283218421639,4.311501392585999,0.019241372554783774,4.238600753504186,4.237708703089684,4.251558434525931,4.231749114583765,2.119016317662726e-05,4.251040417533902,4.2310549994755435,4.23839749030967,4.238397491260631,428.44857496158005,458.266131906405,396.7969105275812,514.2563100000967,512.8124819265514,510.09142805977456,190.69235295567043,746.6853420681703,24,0.252429774,0.252429774,2.35367e-14,1.33227e-14,1
1.6492476253003552,1.7049737896725867,3.285193060464541,2.7207889158890977,-0.014273613647928276,3.2841743276892688,2.7800619634751182,-0.02643919324817143,2.1409629772820944,2.1422039993316595,3.2843398568955715,3.2236699713916486,0.0002966763187030468,3.285060523013434,3.224635625507419,3.237777086128593,3.2377770848056144,424.5020695231291,456.01938633409986,391.5947894717627,514.5978982005349,519.7661431913804,507.8555508916714,97.85401633693307,610.3511587401346,17,0.0622,0.0622,0.0,0.0,5
0.30216720293859944,0.3187868493434497,0.8695182378763874,0.22768814001410562,-0.004240386949579506,0.8692144132960168,0.24536560092165013,-0.007868622151908457,0.8578695277984495,0.858239647433934,0.8719051053556274,0.850340901274632,4.528698453573938e-05,0.8721200352039267,0.8506288957945185,0.8579538635021704,0.8579538631076081,425.5428592927006,456.53969021513376,393.4820162798306,505.77745534536155,512.4128316427044,493.7233282003443,38.09721026031154,149.24728571083244,12,0.492053859,0.492053859,3.33067e-15,4.66294e-15,1
5.743831699942582,5.933548230893731,5.683381012101162,5.7394728103406445,0.00745832860656595,5.733699891706851,5.909682777874902,0.013646524068818614,5.76458224534539,5.5458501453017295,5.7847155813446225,5.683936235449749,2.632208787814577e-05,5.683648518499345,5.536644390837516,5.66443821461345,5.664438215287294,512.6434629304568,513.3517052725048,511.0612290767995,519.9518361624646,519.0331703635381,515.4097367300413,258.17975892201423,998.2402892763687,20,0.1997,0.0491,-0.2181,0.2181,3
3.30261321655937,3.2871600837239154,3.3969293059314833,3.271722490526796,0.0040513057928915795,3.3972118054194254,3.2552857899530627,0.0074248794041508704,3.3950445194907455,3.3947003781201754,3.4019056913760677,3.3910076692825952,8.239025741558079e-06,3.4017058472027824,3.3907398887616815,3.3949661032115643,3.3949661035784326,427.5549606421578,457.67963032783047,395.2702879908101,508.3589677209792,507.93129177088286,506.0860449986542,151.4742237214796,597.2085603283878,26,0.264470435,0.264470435,1.90958e-14,6.66134e-15,1
0.5328188452912712,0.6866305121840953,0.7148997881617993,0.5301870910587814,-0.001474584025246466,0.731556652569468,0.6707378412264976,-0.002708812891046063,0.744249666440898,0.596205306399958,0.7445434105978289,0.7158483180168482,-2.1025390588090992e-06,0.7150863701891398,0.594946079973305,0.7150482948446543,0.7150482947107171,426.75861979146464,457.14642616739525,394.0096808357169,483.5120414513447,484.55812261659486,483.2285582938904,30.367910527340445,125.36828146223634,28,0.13387,0.01608,-0.14817,0.14817,3
3.519742037694458,3.5138346921604446,5.318402449116874,5.294839441901889,0.0019314012027447766,5.3185104415936255,5.288556103062958,0.0032210338758306913,3.4676169269631196,3.4674853703389608,5.318492894392438,5.241530692038539,0.00038685317340731053,5.318416498971708,5.241428326254128,5.257993541835405,5.25799354197565,479.1513345726702,479.84939319921335,477.81493278388666,524.3862283795409,525.767616860448,516.2652769771787,159.9671774393073,1041.9752493279436,15,0.0768,0.0768,0.0,0.0,5
0.6930766935192054,0.6962581547453912,1.1478895580198571,1.09861823223249,-0.0008026563451958737,1.1478313975693597,1.1020021884903293,-0.0014972011829442623,0.721149203878985,0.7212200550415584,1.147840847793641,1.1273282035267287,2.9175759262072245e-05,1.147881991327147,1.1273833336646422,1.1325943551271982,1.132594355051668,426.620798007005,457.27031397201006,394.51500413305774,503.0612215603363,505.811270637381,494.62407321362565,31.956207606836774,225.51360798651956,19,0.0206,0.0206,0.0,0.0,5
4.4962710024254315,4.6990911536382125,4.483778221298298,4.492755799691498,0.005659370479858138,4.537772723584481,4.656002427277059,0.010366217522685427,4.581655188567484,4.3567746051921,4.58820862272123,4.484416088858108,1.224402388254382e-05,4.484029546168506,4.349842141179601,4.484745682523292,4.484745683035613,428.5585470169476,457.7426802684963,405.24699681640595,507.4939739698807,506.71619120810016,505.89152135285656,199.67954438061372,789.0665440151558,28,0.1855,0.0529,-0.2244,0.2244,3
3.80389125968001,3.8260816187282805,3.0398687108067377,3.808483105567178,0.0271038611566595,3.0624390384282063,3.8269616159678983,0.04931980007746453,3.053533611124298,2.9267551747428504,3.0840351374894874,3.039525946035667,0.0001786092147824876,3.040312041012363,2.9129530674070914,3.000414445110959,3.0004144475398626,430.5033055904218,459.52096790629366,400.3075286863577,522.0354915614669,520.1602033978953,505.62691663986215,135.9513733594592,529.7252882524983,18,0.1534,0.0468,-0.1245,0.1245,3
3.0590095385765728,3.203869328069593,4.771212350788058,2.9477517375947473,-0.03791348267944099,4.768564161790341,3.1018316261470487,-0.06953782502929688,4.7774709149661065,4.780696943437319,4.78401817184884,4.771627079190434,-4.7532795309535424e-05,4.785891538575302,4.774137290569764,4.778205999936639,4.778205996497564,462.7137138679857,467.21390578486734,455.8916450472658,489.12528214552293,496.30115412266764,496.7359550533128,209.27709729979622,834.4259654765826,33,0.517984316,0.517984316,1.86517e-14,7.99361e-15,1
3.171952113364771,3.9490076655252824,3.877662651583537,3.0173356174860793,-0.0005477097562241458,3.9730214177226006,3.8633347320142155,-0.0010741593749431094,3.8823546068705266,3.8824048380320764,3.8916281176231426,3.8710900499864467,1.723205327832036e-05,3.8916572870453967,3.8711291354546766,3.882366052576055,3.8823660525225065,426.8554896779429,457.13059488083763,394.0559336425309,503.61489322761656,504.5612731253583,502.94743940759696,171.7712871141199,681.9478325206934,29,0.84,0.0918,-0.7748,0.0,2
1.4359684139123512,1.4129226253193605,1.6283777386344422,1.3763044622749039,0.006112881743438714,1.628799039838933,1.3517918452785977,0.011144008122524486,1.6091020553639723,1.608588825499407,1.631494069542621,1.602203215286415,7.424222418174085e-05,1.6311960350522614,1.6018038649837933,1.6089851104692707,1.6089851110163942,427.6020772905528,457.8410228920541,395.95982754751617,508.5525011435879,510.18275112356747,496.87491939685367,71.66846299045109,282.75037399579526,19,0.459761904,0.459761904,7.77156e-15,4.66294e-15,1
5.05919481030457,5.028835725236256,5.085157308279939,5.0442855973586225,0.008436471900527277,5.085712304220084,5.011994204003387,6.21772613011925,4.1977594008094075,5.0250745027839105,5.09032887748067,5.003963147636085,0.000536936313900585,5.089936265424476,5.003437068445502,5.025596543896231,5.0255965446169775,453.4575284928391,457.73531363191273,452.5024582827128,526.9750563634193,527.8792818552214,516.3327968336382,232.06823429987972,884.161872453946,14,0.314467759,0.314467759,3.37508e-14,2.13163e-14,1
1.3273800169926238,1.3379026634507172,1.4271670528743094,1.3232369721987784,-0.0027529942918747513,1.4269746878524168,1.3344293686478732,-0.005050193364038809,1.4202295225203914,1.4204638619266898,1.4270059443606662,1.418194872444341,-1.719162177045644e-06,1.4271420261250947,1.4183772147421743,1.420282919251732,1.4202829190019168,426.58574077751996,457.09951426295214,393.82120318038,495.40639282406295,496.54267842267666,493.21809768165764,61.99369973583085,249.0914075084226,27,0.0091,0.0091,0.0,0.0,0
0.4818890454003985,0.5610766082600382,2.6571773671023107,1.782071543040145,-0.02493677179841772,2.6554354623873886,1.8834209877267443,-0.04574172811692356,2.645137522052525,2.647259513424484,2.6557184964782863,2.641934799516514,-3.14859937356619e-05,2.656950744756794,2.64358594641006,2.645621040403043,2.645621038140916,423.4099019032556,455.25290439324345,389.17887612437124,496.32526892089004,504.41155650831485,501.5944933620223,117.73324320505392,571.1642895718373,26,0.0164,0.0164,0.0,0.0,4
1.3441918570143891,1.3118740061148761,1.6205398634866166,1.906288307522611,0.008463260021825656,1.6211306677220882,1.871913475954277,0.01551857043222107,1.0590262869564961,1.0583065682029686,1.6210346706573504,1.6146472955311337,1.336105589400537e-05,1.6206167273015182,1.6140872737516783,1.6167911336141563,1.616791134381405,428.1508751176438,457.8978831084977,395.9576392461806,496.25239043332715,495.07816513093303,493.0465324920903,46.1550266380614,317.03878209689157,29,0.0055,0.0055,0.0,0.0,5
5.220180670262078,5.2242103110947085,4.270015550888852,5.23566432450924,0.03089608455605036,4.310872172876896,5.20838533647123,0.056648855054906924,4.332536307145276,4.208009106465467,4.341421753282432,4.269482553909878,4.968553032170853e-05,4.270496128080668,4.200638297604923,4.272737671469387,4.272737674270087,431.390076476602,459.853996838702,400.8089444843963,513.6024267342198,508.3585231524335,506.59299088965633,190.1782331903061,755.0306827796395,28,0.0975,0.038,-0.122,0.1219,3
3.1316681093322254,3.213311864505017,3.905865744328572,3.1026922941301978,-0.021112809225478413,3.904373210790192,3.1895325466394784,-0.03893645837855543,3.8520745515151464,3.8538927584834552,3.9046157257047858,3.8394574786535367,0.00023395311198098166,3.9056715652507314,3.840872247265332,3.8524888493515252,3.8524888474132446,423.53099734672566,455.4516931171927,390.16919571193074,514.6856322315152,520.4462433938659,510.25141096934925,176.67739109623992,673.9149113085416,17,0.0674,0.0674,0.0,0.0,0
5.299853469986835,5.338638073757351,4.803157369965222,5.303577263824893,0.01706015663151739,4.838347747753844,5.321417374457448,0.03127420954906994,4.856989612289026,4.751639491983829,4.865754328738245,4.803266407161174,3.333670038481399e-05,4.803512238485985,4.742838051189121,4.803659186921945,4.803659188467831,435.9497232759988,458.36627333845024,425.68166402302074,506.21776784702286,503.5966931392087,502.22998973418277,212.2100769651858,846.3749580764734,31,0.0864,0.0333,-0.1039,0.1039,3
2.3690436409529876,2.7942104866473754,2.798687005908788,2.362190999392584,-0.0020420106059962626,2.8580431917124014,2.736758557512691,-0.0037762317821652194,2.907758947805315,2.49063414251102,2.908966559420166,2.7995825652187167,-1.927197973934313e-06,2.7988682956370807,2.486418886316867,2.801098867786254,2.8010988675994897,426.17524748890963,456.0576863396168,392.6472851609634,491.8090233531918,492.45005190006816,491.9764361637751,121.21254681949759,491.33028251384735,35,0.3656,0.0589,-0.4173,0.4173,3
4.527565997160924,4.519077858051532,4.460538260572725,4.521333362801461,0.002229124475074236,4.4606934326648515,4.512304966912107,0.004082170223988058,4.452668534598004,4.452479503683834,4.460668219464812,4.444735154353615,9.79627450348422e-06,4.460558448510202,4.444588067135993,4.452625461889498,4.452625462091013,428.0680309382149,457.45592233489776,404.52688900369054,506.6037009153893,506.4933699515204,505.722532674101,198.2759613183009,782.959537751815,28,0.0157,0.0157,0.0,0.0,0
2.5155260736487164,2.642835905517262,4.324838200336141,3.8441694712936703,-0.013664160494200982,4.323883843588605,3.8996969209682315,-0.02506118659272584,4.319652005641562,4.320814604701486,4.32403891263005,4.315272335731062,-1.6728606585073342e-05,4.324714038226277,4.316176967979617,4.3199169162284745,4.319916914989098,426.07401057141226,456.1865196718291,402.808487056421,491.39391159538155,506.5922176254056,506.51638584993225,192.9035460699533,1060.792414415533,27,0.0102,0.0102,0.0,0.0,4
3.178847873236569,3.4900777438789277,3.500395784833977,3.1708281978042208,-0.0021446676300713326,3.5596453341605088,3.435681886842513,-0.003949240786906184,3.6094664319559597,3.3065497112296596,3.6131697801989313,3.501395753841879,-1.236891623673595e-06,3.500576211154536,3.301438365639185,3.503708194091882,3.5037081938964993,426.5816457838349,456.8897347208835,393.5673170202333,501.1840593426225,501.9522094429345,501.1411956255291,154.61251716111195,615.1609390372836,30,0.2554,0.0587,-0.303,0.3031,3
1.1902439155960514,2.562778324271126,1.789405968494409,0.8680479971978827,0.024172484861671856,1.8466844538740756,2.522688487072819,0.04408620268488833,1.7932334404522785,1.7911887066255077,1.7966117244994726,1.7892906759249871,3.639105679607988e-05,1.7954243399646719,1.7876996440523722,1.7927675260568505,1.7927675282366182,430.2801178250618,458.941108547958,398.9703048317773,497.2438508938993,493.3934996002171,491.7954271382943,77.17722638101827,317.83003557917954,31,1.7488,0.0521,-1.46435,0.0,2
3.0842824670210076,3.738577255335568,3.3424066121240013,2.982328337927548,0.01287041999215071,3.392082369675236,3.726774034435876,0.023119017319253504,3.2999774721406543,3.2989106227592107,3.3465400718559364,3.2855247030401693,0.00032915414316090166,3.3459205484539654,3.284694574762869,3.2997343791384943,3.299734380275798,428.3848974706184,458.2893052358763,397.2850200282009,521.0242810611779,521.5149001390203,508.0715477721961,150.05236218854841,580.3467702087165,17,0.7918,0.0452,-0.7022,0.0,2
4.653906885070981,4.607632846217933,3.710861080190303,4.660446614872387,0.03130865219624043,3.729423253761744,4.60754461841162,0.05708368901085338,3.701282919558862,3.6266489559304422,3.746071932116011,3.6855243943858027,0.00031668238764482476,3.7113423796448464,3.6104748757495595,3.664682742873052,3.6646827456809614,431.0214546519722,459.8306485718434,401.16564834658107,526.5833097697393,523.7450835690954,510.36737473439274,167.09171902687015,647.17234294383,17,0.1163,0.0598,-0.072,0.072,3
5.398826279187645,5.314516860966749,4.897687536473585,5.374847855729661,0.02208210169176911,4.899228801130382,5.285172274888016,0.04048769177626445,4.902725261712545,4.900847690410504,4.908522138120338,4.895832530090427,3.5407447273985313e-05,4.907431825485099,4.894371569379774,4.902297437080013,4.902297439081579,438.87413308164764,458.64847128078344,430.82257794234187,506.14046259390096,502.2747495392484,501.4606780822635,215.9153431715725,864.328564244411,32,0.282636084,0.282636084,3.01981e-14,1.15463e-14,1
3.2928065057456815,3.254503214485756,3.61813311283216,3.9165607510101297,0.010584867019728805,3.6188482233366837,3.874953393327379,0.019318755186845116,3.5757726306616546,3.574901481793638,3.61873202831763,3.5635579478759007,0.00020626262432241917,3.6182261489313507,3.562880096511259,3.575574130107276,3.5755741310359554,428.2056454106195,458.1968229820789,396.8416577266626,524.1383257485563,519.2150603246334,509.06469176381097,162.57337724054443,833.9422339538792,19,0.0541,0.0541,0.0,0.0,4
2.8731333883743213,4.2886479271101825,3.3214076120730316,2.5756044849015423,0.03180559608013498,3.3780827911928615,4.270745785105791,0.057187313529689726,3.2818319888198992,3.279182181809674,3.3265293563353473,3.2658622845540104,0.00033247614622165843,3.3249906035534678,3.2638004379926886,3.281228202050684,3.281228204875484,431.0481100040995,459.84623141209426,401.19478004511194,525.212231907705,522.6404524846316,508.0576446521359,148.51016541531547,579.5042064839886,17,1.8181,0.0509,-1.5345,0.0,2
4.480148279323915,4.441036418963582,5.514419059910424,5.852395111264197,0.010247246588365297,5.515134065769877,5.810793842157812,0.018785757284147775,4.135033872107952,4.134162850718745,5.51501788775412,5.499443964487015,2.0970421609778957e-05,5.514512082395259,5.49876621231516,5.507060085816727,5.507060086745271,494.3354309366778,496.0566975996358,490.7413428657074,501.89959172330805,500.2049366634685,499.6046091301347,181.74082001963276,1096.6927331713919,33,0.0145,0.0145,0.0,0.0,5
5.7043033598147534,6.074681668912227,5.502471854643924,5.703022078016017,0.016499261288318797,5.5906221291966425,6.003195519888919,0.03021862637011356,5.664396272839298,5.229795006366259,5.670535226371522,5.502507538983519,2.921255260574735e-05,5.502821505721215,5.218317196763204,5.506776979338564,5.50677698083237,490.7075302117349,491.6682228987474,488.1409995427036,507.9069140743716,505.19930234668396,504.17832194735246,244.02818374179225,970.3516408397378,30,0.3665,0.0864,-0.4333,0.4332,3
2.6236104738729518,2.7023214442767225,2.7784886518795213,2.595218991771433,-0.0009334703643206796,2.7912805931363467,2.6772061861974112,-0.002365414382765805,2.7664675696534733,2.693799207003505,2.80499815110486,2.743860452989488,0.00039842543172633404,2.7786745934034047,2.6682628815876677,2.732797564626683,2.7327975644863525,426.03852961184487,456.8605274024356,394.14486783061705,518.723522350299,525.5323048311993,504.4846706950992,124.95821524715244,477.2426570580477,13,0.13,0.0672,-0.0728,0.0728,3
3.264969986886989,3.3753550974598454,3.266552821085585,3.252682590331362,0.004646506223613396,3.2892510743885284,3.364429283706555,0.008087549926550832,3.2772110102090886,3.150147677513515,3.31300261258018,3.265654642598833,0.0002005980435942766,3.266791623933119,3.136171929078153,3.2215282209819622,3.2215282213692893,427.2012811682888,457.59735775495693,395.5573984016748,518.9619203373521,520.9624518678077,507.6955177033983,146.86899330340466,565.6105515909827,17,0.1609,0.0542,-0.1267,0.1267,3
2.7386913377573996,2.840337940902946,3.113754023087432,2.709769262173294,-0.007315694253854886,3.127297427224977,2.8152537439945093,-0.014077622545048959,3.0967454314136362,3.026223477467292,3.142287865928413,3.0769238608215503,0.0004708640087455718,3.113881609792506,3.0042514565742806,3.062499931433651,3.062499930710827,425.11923620724815,456.3231042913442,392.79528849666724,519.3162890113466,525.8722595847208,507.2804803770727,140.70274554756534,534.7973022101,13,0.1296,0.0706,-0.0712,0.0712,3
4.654397417005075,4.664384680122825,4.070054231594398,4.661342552683456,0.01907091283662789,4.102385324849332,4.649395398968339,0.03496604228271717,4.117013927460433,4.03259238732793,4.124369041624376,4.069969768474005,3.239867204841981e-05,4.07042740724112,4.025408028681881,4.074044442258689,4.074044443987315,429.19812482526777,457.82487419762833,397.08505525897027,500.0570881994794,496.9629794081003,495.69110663760455,177.7188393395916,717.9656050381242,35,0.0649,0.0304,-0.0828,0.0828,3
-0.21159242863285888,0.22596814156421233,0.6769140533574268,-0.29652959287735614,-0.01566335269925469,0.6970493736831848,0.2044422819673026,-0.02875057068403414,0.6731004817049676,0.6744340223997608,0.6786372431520306,0.671841428240383,-1.7252315537971545e-05,0.6794116351911281,0.6728790722217494,0.6734043431652997,0.6734043417436922,424.546413546575,456.06838914129787,391.38627691188486,493.3822136174236,497.506395228384,491.5855789180199,29.15615140150683,116.06697778631114,20,0.4338,0.01775,-0.37768,0.0,2
2.377586993486934,2.3857587293699454,1.9313140316867747,2.368489895311182,0.01607457062992989,1.9420132394658538,2.376834561215964,0.029070282677282996,1.9301284867710318,1.860489429931002,1.9515346342460653,1.9152836480426223,0.00016297762928399624,1.931657038960922,1.8419417118826014,1.9019233683982157,1.9019233698257036,428.4228669716548,458.2270362919258,397.70734746043036,518.6748194643778,523.4689557232795,499.4479967300668,86.13216105471396,334.04856619973447,12,0.1047,0.042,-0.0683,0.0683,3
2.93170204982507,2.9311298143818973,4.435262413859655,2.5516577691729596,0.00029523918220301405,4.435272874924179,2.5510491118387306,0.0004201639085397854,5.92066707080998,4.438928683122872,4.446227826153886,4.431404129862243,8.992178799046228e-06,4.446220425847406,4.431394213846721,4.438938523025049,4.438938523038634,427.8613994383977,457.35365821947363,404.71725403720177,470.1624737160632,509.18153794827947,508.3923040491439,198.01880966424997,780.2669357571747,26,1.88876163,1.88876163,2.04281e-14,0.0,1
3.0907495279816244,3.0068174481059904,2.3761520602123665,3.0970478906310257,0.022063170376350142,2.3776864267281552,3.007773665130209,0.040386383722248495,2.350151414626234,2.3482822466516398,2.377437114565337,2.3396325293933558,0.00011809744576392157,2.376351681773587,2.338178107412405,2.3497255047814245,2.3497255067740315,429.9847408866853,459.2484298445395,399.2966732950285,514.5517281989094,512.9031914686425,501.2816227193589,105.2969355183421,415.1525438700963,21,0.0355,0.0355,0.0,0.0,0
1.7631433786611883,1.7049420433266107,1.4822926629812503,1.730808250104169,0.015243464597022298,1.4833566444796698,1.668902490794896,0.02794939879919877,1.4812534874294774,1.4799573433061912,1.4859574580163168,1.4792816569211193,2.29989473316323e-05,1.4852047823053205,1.4782731116597991,1.4809581471765398,1.480958148558281,429.14957530742475,458.54132736706543,397.5180364897503,497.5145173217512,495.05231292589207,492.5694167633666,64.43187699059881,262.14969459069414,28,0.275994796,0.275994796,5.77316e-15,5.77316e-15,1
2.7051085549696188,2.5814276840952353,1.6229347757649764,2.7254466758936475,0.032393105395146886,1.625195791900814,2.5938937110089726,0.0593938777719997,1.6137758992860671,1.6110215254727311,1.6248284097810977,1.6093324126665607,5.52229611778823e-05,1.623228934667909,1.6071892014237386,1.6131482858562793,1.6131482887925512,431.5840361410778,460.0990786329972,401.4030504488594,507.4551195103122,502.5718877958939,496.14542642245425,71.16791397152198,287.6945159702491,24,0.0121,0.0121,0.0,0.0,0
6.040370116800972,6.109198724777577,5.641063955676794,6.039790090755247,0.01493149287740341,5.67770545252053,6.094592558725441,0.027366818140833877,5.696867151376122,5.569798398098521,5.710536224485371,5.641271918853023,3.3022850556034875e-05,5.641399454740293,5.558384686736685,5.6329780524193085,5.63297805377185,504.48458627658005,504.71788885889595,503.4137041155745,520.5477319370589,518.3707575616686,515.242424906321,256.0420623574202,993.5759519940596,21,0.1147,0.0349,-0.1258,0.1258,3
3.67826877793609,3.5041451127374135,5.1577287543371995,4.379395406440373,-0.02196956178032908,5.156193500307041,4.46872127029301,-0.04030649150768689,5.147129226769564,5.1489994759157165,5.15644295667799,5.1372488748772716,-2.1316127380680372e-05,5.157529017310083,5.138704138130757,5.147555382970836,5.147555380977076,484.8434401198104,488.34050676357367,479.2606563104818,503.8059382825298,499.2257597379522,498.9476764490192,226.609711205125,1273.6676435739607,32,0.0215,0.0215,0.0,0.0,4
3.3230421248759794,3.3148985182475994,4.457992438240815,4.516782614052067,0.002138309649550118,4.458141311917566,4.508120679597336,0.003916140508477818,3.251184740740812,3.251003382567274,4.458117122118091,4.443293517089955,9.063696839069813e-06,4.458011806752492,4.443152400123687,4.452080159054505,4.45208015924784,428.0251221031017,457.3683757710995,404.35793803873526,505.10000856987574,505.055926988637,504.2875590885284,144.3650896062809,872.7469724657966,29,0.0146,0.0146,0.0,0.0,5
1.0101962467388432,1.069691421399357,2.424740193908478,1.882469731912025,-0.015577608001788914,2.4236525596691583,1.9457516813969327,-0.028566000282444635,1.5351685120826073,1.5364934700162496,2.423829284357666,2.41936288735583,-2.1864013584081244e-05,2.424598692355455,2.4203938529879823,2.4216299026048342,2.4216299011923765,424.6608534258578,455.76683076049056,390.74747554397266,494.89871597849196,497.94472095914125,497.3711423925427,67.27607796346996,446.52377759880204,30,0.0061,0.0061,0.0,0.0,5
2.3063860723973906,2.8027409757020556,3.4989733044641813,3.311306445056361,-0.005084841090661192,3.4986171630108256,3.3320278646714967,-0.009338437660532606,3.493203821381146,3.4936376735228523,3.498675030798666,3.4871099475242886,-1.306552587456225e-06,3.4989269703502637,3.4874475330703487,3.4933026792156774,3.493302678753174,426.0300749278045,456.3732824784759,392.59842504053535,501.0915862613357,498.9091405520064,498.1687705337994,153.3118390799724,901.6804222621003,32,0.0121,0.0121,0.0,0.0,4
4.464532282153964,4.3597904291126826,3.5837397568319087,4.467373244815792,0.027690128800177204,3.58565454784324,4.355964736631124,0.05055632397089027,3.540313331942534,3.537980730181747,3.5853434222526674,3.522167447753258,0.00030408514104769013,3.5839888717383928,3.5203524223944855,3.539781823770212,3.5397818262568586,430.59443495138174,459.57424254574386,400.44131220057926,524.2127466458612,522.0627466711853,509.6820274512512,161.00956599913997,624.8598638602838,18,0.0603,0.0603,0.0,0.0,0
2.9672802574142896,2.9160160067553798,2.55415300494356,2.9614463870376575,0.013736774552670642,2.555090169252899,2.9069192469949563,0.02492827371762221,2.5149358453989747,2.5137941901973497,2.554937893731716,2.498830293299363,0.00033310671662298297,2.554274930311864,2.4979419577177144,2.514675707093397,2.514675708310447,428.44075289104273,458.3228808878433,397.4397835363703,518.555270928141,520.6174657279888,503.0200380269532,114.01275321363825,441.91369099710874,16,0.0547,0.0547,0.0,0.0,0
-0.3445490768051008,-0.31401025649812886,2.398032432270061,1.8865401103778168,-0.007898316148676645,2.397474150581103,1.9190226788385676,-0.014565246369467481,2.3702089066920564,2.3708890064225074,2.4007209312067395,2.361433034174658,9.523252316277582e-05,2.401115867648582,2.3619622279178922,2.3703638746642173,2.370363873939204,425.6902534435203,456.7388630868929,392.9935731035235,554.2207123458211,511.6854193099694,501.24485675296785,106.41791914126894,414.75428485054374,21,0.236276501,0.236276501,1.15463e-14,1.24345e-14,1
2.1609667935544827,2.2915732735985515,2.693025801145247,2.1439698465568995,-0.01292373156791436,2.709915286412833,2.2783464311648887,-0.023819334812775525,2.701848160013722,2.622157350654101,2.728763231766749,2.6945308051135335,6.54342401344195e-05,2.693107342895195,2.615193879631373,2.663200900923008,2.6632008997405667,424.9738664018747,456.31904979955044,391.9404009494399,508.5449750776495,512.4440266077902,503.4710059886267,120.06799072432783,465.76632822837325,21,0.1002,0.0366,-0.0808,0.0808,3
4.292453589941522,4.95720532986791,4.7901792754684465,4.196184582788012,0.0038442853535136544,4.871339748617659,4.907029443243148,0.006897703177948508,4.760130093696105,4.75981278484992,4.795397425532844,4.749306200521611,0.00011148279522727928,4.795213163106222,4.7490592987091915,4.760057791493589,4.760057791831853,438.08384934680527,457.6520907594677,431.7937237189872,519.7298051540498,520.0278063077521,513.8556843538502,217.06111236162914,837.6465126139046,19,0.7224,0.0773,-0.679,0.0,2
1.1361885549384898,1.2928107525735635,1.7748453913611417,1.1208990007034463,-0.016272301015901425,1.7919079042795456,1.280981543910534,-0.02986352971424242,1.8011234679972719,1.7081091567506148,1.8116927293272589,1.776501210211449,-1.4253384417597283e-05,1.774897403937824,1.705379431221552,1.7610392119485445,1.7610392104713453,424.6486781829741,456.0370986481611,391.1374759948106,498.22118773631485,502.0758088626033,496.46177576422747,77.77894725621691,306.9746580066791,25,0.0932,0.0175,-0.0944,0.0944,3
4.270542108326586,4.696979933094615,4.9373035510820165,4.2296170994987685,-0.006467400326768194,4.984376365376888,4.662490406714659,-0.01306023619142405,4.862100697320458,4.862742915868995,4.9413620253590365,4.824653846834819,0.0012142030739763039,4.941734964057712,4.825153564776845,4.862247033661578,4.862247032976948,448.5695134117317,456.0983426196075,446.56377914510705,526.5769193155292,532.777014153336,515.3937043033175,226.29014065286106,851.5477633698418,10,0.4478,0.0932,-0.3976,0.0,2
5.838581152308293,5.8072417824251765,5.569337706532971,5.835968080505139,0.008213202620852927,5.569910623108443,5.802634008739678,0.01505490082903783,5.562049482372629,5.561351554397817,5.569817532527362,5.553157024277849,1.9139531952207236e-05,5.56941224315774,5.552613958164216,5.561890452044975,5.561890452788994,500.68421369731834,502.6064506752073,496.8938180232968,501.3751035689626,500.0970269268782,499.4624073824578,244.41569712895813,978.6191546310779,33,0.0158,0.0158,0.0,0.0,0
2.1891184041153884,2.3448678691224996,2.080657560042119,2.8217634276579555,0.021726420419821063,2.08217409591414,2.7335266445779522,0.03983635829752659,2.0774534357031205,2.0756059890499667,2.0819276809706735,2.073149877038254,3.4132121977784425e-05,2.0808548618310363,2.0717123566775895,2.0770324752929095,2.077032477262361,429.9481963232347,458.75706572631026,398.4830236252338,503.1350805348618,496.07212064180436,493.807542632973,90.55738529704628,455.1892550485281,31,0.0065,0.0065,0.0,0.0,4
1.82270820634688,1.6151029595237174,2.0556294955709626,2.451851721323125,0.013667668140007971,2.0565344648709183,2.399197787257041,0.024515540483136342,2.0235060547903987,2.0224036196055444,2.056387420568834,2.0051281763411253,0.0003015090320158631,2.0557472323585264,2.004270358324115,2.023254853183654,2.0232548543588935,428.11476802933373,458.0743058371715,397.19291369560926,518.5453438698386,522.6194202442363,500.51461502376753,91.70356054012122,502.4370068667368,13,0.0499,0.0499,0.0,0.0,4
3.7668068837670856,3.8948117334509593,4.902449917866706,3.735670324489365,-0.03351270663804294,4.900109854859755,3.871822482672611,-0.061457446879707625,4.896293372326478,4.899144041176534,4.900490080942239,4.890804804739864,-4.426684787401525e-05,4.902145474941242,4.893022944303716,4.896942927606705,4.89694292456778,470.71395437487854,474.7462098847865,464.55910965097826,493.29753494001005,499.4647009422909,500.1121536902825,216.13529401851235,856.288439172972,31,0.0132,0.0132,0.0,0.0,0
3.1776734212349353,3.146801852726784,3.8037733238227682,3.0165581332129694,0.008359911194889035,3.8043376884980984,2.9837216376484084,0.015099483679397356,3.760511383189458,3.7598238731543625,3.808073344475965,3.74616452299467,0.00024361351985720622,3.807674104842667,3.7456295632046683,3.760354726700404,3.7603547274333167,427.8258723618863,457.956583356628,396.3761441686303,520.3148661342126,520.9640568761695,510.16612071765957,171.1124506922086,332.40093516263477,29,1.065429739,1.065429739,1.5099e-14,5.77316e-15,1
4.459927681274704,4.443276894041546,5.717677445413408,5.844134325393161,0.004380360084667863,5.717981839280806,5.826423741592286,0.008015393641591413,4.3130048166318735,4.312634003489937,5.717932379720362,5.693875186744611,2.6807298596512478e-05,5.717717047150288,5.69358665259905,5.705252338832503,5.705252339227805,518.393866482103,519.5547151867305,516.1858744174388,514.9250189051679,514.549708295113,512.8403666409412,195.00071856439578,1123.3401384376352,23,0.0236,0.0236,0.0,0.0,5
3.1106375373961592,5.758262188130338,5.297246947065937,2.4645759617800485,0.010236155638608078,5.467833863889851,5.599409000296437,0.018044580579256154,5.30558096431741,5.304744161040452,5.312522249932374,5.298290515786404,1.9689165157964596e-05,5.312036315158506,5.29763938913739,5.3053902897720135,5.3053902906640795,476.90786142012445,478.3730421980682,473.666827269906,504.4939309982877,502.9317432907775,502.26242843649027,233.17331963475283,933.5281074023682,31,3.1713,0.1664,-2.6852,0.0,2
1.6001555211139677,1.4889879155106647,0.873285667816166,1.5655302822679784,0.029112984201573076,0.8753179283288429,1.4472870324197622,0.053381985489760184,0.8768766921887325,0.874400988875841,0.879353161658916,0.8744017155205577,4.2933242835268804e-05,0.8779155115413333,0.8724753411307089,0.8763125768025718,0.8763125794417698,431.14673223624567,459.75889291864684,400.5171748965913,489.8914204415266,485.7351195203327,483.124768023903,37.75109222701376,157.85734181454967,27,0.30959775,0.30959775,3.10862e-15,2.77556e-15,1
-0.4127865426378586,-0.18761038376456504,0.689548304920253,-0.4361755790826668,-0.029860434151694048,0.7044434214324523,-0.21626056055050982,-0.05475965343814598,0.7220115448221602,0.6134013535354352,0.7215721845677388,0.6917936342714776,-4.365248021509302e-05,0.6894670609296449,0.6127698898409113,0.6886002673070408,0.6886002645995039,422.1969542312109,453.73195798271155,386.80690564976976,469.96742738507584,475.8762516619759,475.4536578939633,28.117476457024697,116.7998738370497,35,0.09794,0.01631,-0.11113,0.11115,3
1.5466135905985856,1.570552473735811,1.7605303829844645,1.5406931890926046,-0.006267883745655876,1.760092755074307,1.5661557447042016,-0.011493981605209161,1.7578450019199086,1.758378121005888,1.7601638632219812,1.756721170835394,-8.768791021013919e-06,1.760473447457157,1.7571359971793354,1.757966478785691,1.757966478217365,425.9430654227232,456.4156479611892,392.60324480155623,491.7038031339358,493.0028463831998,492.5844242114801,76.2323320667803,307.83301624813646,31,0.0041,0.0041,0.0,0.0,0
2.267380460556578,3.161470211976957,2.722346470503342,2.074519588355465,0.01273048243024579,2.7894314606590926,3.110628103161109,0.02324683436766381,2.714819131798168,2.7137410352417466,2.726587662676321,2.708058426689153,2.5598483652913432e-05,2.725961607998027,2.7072195468503377,2.7145734760073155,2.714573477156609,428.79382003482476,458.3803674530909,397.06279951782903,506.72901075795124,505.30581049164385,500.9588383597284,119.92805107290535,478.5823592610163,27,1.0841,0.0627,-0.9425,0.0,2
2.5621995739158585,2.4122784684405647,1.241704177833707,2.58881304923183,0.03925721631101581,1.2444448929999719,2.429349699850225,0.07198649461255589,1.2393288904813908,1.2359901464697405,1.2439995667896184,1.2359030721530355,5.850232270057101e-05,1.2420607457297874,1.2333051554621244,1.238568122073635,1.2385681256328687,432.5671970343616,460.6738389688486,402.8463911895726,503.4095726135414,496.81875769336386,492.9142239507757,54.32234494067505,222.9350316097524,24,0.00398,0.00398,0.0,0.0,0
4.731728052130862,4.6291455999682585,4.126858937442361,4.69738482759656,0.026868693836731832,4.128734252339109,4.588273162779475,0.049263470176195104,4.1301332317757256,4.127848719886806,4.137213044040954,4.123441463808014,4.2645263776217634e-05,4.135886419494053,4.1216638577543305,4.129612681393256,4.129612683828636,430.422695495444,458.70511840314225,398.9200927320426,503.53310537529575,498.9209933604144,497.72316467494085,180.59823802306428,728.8525489246734,34,0.353947079,0.353947079,2.30926e-14,6.21725e-15,1
1.4517896270421546,1.417001328972246,1.491504776090476,1.7978168878650247,0.009110734409771767,1.4921407426932198,1.760814369027359,0.016705368171024283,1.1448253774299093,1.1440506418015386,1.4920374074030016,1.4838821993823124,1.4906695192074933e-05,1.4915875155434148,1.4832793683138137,1.4860523212000398,1.486052322025939,428.28343705864006,458.09199524076155,396.3135258761228,498.04227481625225,496.80153439974816,493.5421952556375,50.050429402151416,278.1417482664157,27,0.0072,0.0072,0.0,0.0,5
3.9052070993281607,3.8411471854622707,4.156138481801336,3.7364268585235862,0.016815193052310388,4.157309564264511,3.6682896313215405,0.030800113602638898,4.15456595261335,4.153139337907379,4.162549337457658,4.149021923040211,2.789952597468271e-05,4.161720896994253,4.147911857056353,4.154240883247578,4.154240884768406,429.1577031933084,458.2049138845618,397.1907997509044,503.93078485774726,501.1450526688604,499.9918786521714,182.38273193080198,731.8825978298788,32,0.997019511,0.997019511,2.88658e-14,0.0,1
1.8136410397217577,1.8363459724625686,2.276011177626072,1.7657989066272892,-0.00593968315245318,2.275596107624324,1.7899489728294784,-0.010896397286436165,2.2724491016021937,2.272954740604674,2.2790308524411422,2.2699803385662047,-6.756681300808888e-06,2.279324478889669,2.270373782328151,2.2725643168380647,2.2725643162990337,426.1182012897827,456.76917093967364,393.0677943849415,499.27722347246726,500.7253747128077,498.18289261381574,100.00584352907661,398.40862806546227,28,0.305595437,0.305595437,1.28786e-14,1.06581e-14,1
1.480779786852365,1.456833493938044,1.1191643953698645,1.6654982265199005,0.016267768683464127,1.1202987533336601,1.599497745137848,0.029815289995912722,1.1098257082438574,1.108443831387295,1.120114436721916,1.105540655704681,3.647751846483459e-05,1.1193119756939824,1.1044654007771035,1.109510832873894,1.10951083434703,429.1149085744368,458.7391521410132,398.09310897009976,511.49431889916735,502.7804933965754,494.1457533070997,48.96017864611826,239.50130257136243,20,0.01287,0.01287,0.0,0.0,4
2.7455752687348642,3.034033933001539,2.3856083729748714,2.69891202268594,0.02033731736598217,2.4324277380849324,3.006228937354182,0.03728083428410331,2.3830852906514592,2.381356217590569,2.3900971119719556,2.3793652564129264,3.1256738829791035e-05,2.389093032817417,2.378019843961712,2.3826913029258843,2.382691304769145,429.8790412550152,458.97063876641147,398.59065171983707,505.3791347803727,502.117292017239,498.57081109481925,104.88727426884452,421.2180444942644,28,0.3864,0.0419,-0.3661,0.0,2
0.9420549175618007,0.9155590710176961,0.7098369257472592,0.9453274716251799,0.006938250157850856,0.7103212976322999,0.9171452058846156,0.012722558728866584,0.7082614265462849,0.7076713638683031,0.710242594270994,0.7062250782228382,1.0585722160053675e-05,0.7098999426802464,0.7057659433881629,0.7081269744761538,0.708126975105184,427.8327380815303,457.520359203718,395.37740064288397,479.28203068098844,480.2223919028268,476.7924874790313,29.937616521750943,125.35975321629721,31,0.00329,0.00329,0.0,0.0,0
0.2999875759100187,0.27339753650728094,3.841790541987087,3.738021585065471,0.007016011473082881,3.84227661790102,3.709740173613594,0.012820669344364342,0.06537089524160149,0.06478245671264074,3.847974546659892,3.8106055731973596,6.437559089165983e-05,3.847630689614763,3.810144823118183,0.06524067016670015,0.06523627079794335,427.87295865172933,457.9716164177022,396.1237528042249,557.3512400172784,557.9438201877051,509.38648767677444,172.53526742055408,672.4032350475863,22,0.343389537,0.343389537,1.33227e-14,5.77316e-15,1
3.0670960912676017,3.038307052066405,3.6174766810465204,3.864823477144165,0.007544515968348261,3.618002974900283,3.83420206062014,0.013829451455334858,2.813067975327744,2.812426843234104,3.617917459830963,3.605026977896559,1.726815311587442e-05,3.6175451520406847,3.6045281053380958,3.6117332720273714,3.6117332727108438,427.8386587059267,457.4305887920509,395.25353741104277,500.849725864333,499.951931928142,498.8655914403214,123.56537201027052,719.4550518362839,32,0.0121,0.0121,0.0,0.0,5
0.3376100697997038,0.5588424878543874,0.8661316421877325,0.3236426861963605,-0.010571024774286444,0.8815793873691286,0.5441093846633015,-0.019490879137872872,0.892456828511289,0.7127310446302192,0.8942199929430146,0.8675248435547714,-1.4837994984376588e-05,0.8662350746048322,0.7078384249432705,0.8578928637912221,0.8578928628272918,425.26872131437653,456.49065355198155,392.4466691993766,496.81790761318723,500.3728626988383,492.6838735481254,37.57989468411052,149.05982889410717,20,0.17658,0.01549,-0.18063,0.18063,3
1.3968707413469013,1.1168669974152032,1.7363846646895698,1.7488284543769588,0.0008755915599091206,1.7364433778394186,1.7454123403484478,0.0015749259461376869,1.7222961196062265,1.722224595144336,1.7364338378095598,1.7198456519340541,1.3435874710088475e-05,1.7363923032886375,1.7197899978938804,1.7222798219952693,1.7222798220715172,427.10033477074455,457.4703482550213,394.7366588544423,510.1469285955955,501.89938249844965,496.08636322909155,75.98214381788036,341.8201542748139,25,0.0165,0.0165,0.0,0.0,4
3.4035442044012965,3.170520811198798,5.323334257602778,5.2559233803822965,0.0019299189954268545,5.323387382846804,5.252832388128422,0.0029403113203307803,5.254344622320806,5.254279905055569,5.323378750770079,5.22969895780772,0.0006542482528228746,5.32334116921356,5.2296486005287655,5.254329875802158,5.254329875871149,478.8988821512218,479.57365300148933,477.6698457036569,535.9607645991504,528.882779158855,516.9119507021109,243.44043889304922,1207.8841176046838,13,0.0936,0.0936,0.0,0.0,4
0.905067458853906,4.30906875204596,3.8920643664281767,0.0742912009447815,0.010056940753990249,4.031817159068719,4.179389690792302,0.017146978957680983,3.900291726062447,3.899496492925385,3.9053110897929555,3.8941306094290455,1.5590872657252187e-05,3.9048492949538693,3.893511829003614,3.9001105237164846,3.9001105245642345,428.0179226450244,457.39215567162057,395.45415284077933,499.9255682444114,498.49141806370534,497.85548204824113,169.24749064053472,685.6573580913771,33,4.13958,0.1356,-3.43971,0.0,2
4.953662191159386,4.112619901196624,5.752193004190429,6.314730000543402,0.020573882092581135,5.753535555914375,6.23661615739266,0.03678608038214703,5.679254935600085,5.67761943674058,5.753317410855455,5.652000927333567,0.0008631498655818021,5.752367670587535,5.650728326088833,5.678882269753619,5.678882271497126,504.14160938103026,503.7086033758835,504.20953203315975,533.80464464184,531.6065201091271,518.5601548938334,263.4179541115525,1123.4653070687689,12,0.0993,0.0993,0.0,0.0,4
-0.14679192144109887,-0.09424215170811837,0.6155681610459488,-0.20740154281915038,-0.013725457273747492,0.6146074960986467,-0.1515070624236994,-0.025197598122895615,0.6076222776236242,0.6087925613435405,0.6173767541304773,0.6039923410104902,-1.0728902047029136e-06,0.6180563422373324,0.6049029527849967,0.6078889392422199,0.6078889379946508,424.3789703828313,455.9192923846823,391.62668295174,499.1838793279737,505.3299396001144,491.8049029380515,26.691250272611473,104.48664148579917,14,0.349391224,0.349391224,3.60822e-15,4.21885e-15,1
5.4628869198629975,5.458296829508638,5.4296686064193596,5.456534496677617,0.0012078217749608563,5.429752518088827,5.451652254250509,0.0022098844542666717,5.4223849775590915,5.422282756216506,5.4297388836673335,5.41511285016281,7.686287627938044e-06,5.429679523353672,5.415033310512228,5.422361685336697,5.4223616854456695,493.041980068078,495.3005403310521,488.84247733157736,499.5256451499004,499.4591600909111,499.10626140762264,238.2161353217496,953.1411802761598,33,0.0145,0.0145,0.0,0.0,0
5.101588992374554,4.998669495220626,5.616565899093773,6.52257631741495,0.026960170224914422,5.618447375526728,6.413106155219938,0.04942852686040215,4.19345010754499,4.191158089661882,5.618141663068873,5.593815726342414,5.0603890220573876e-05,5.616810679763243,5.592032279784781,5.606110713837625,5.606110716281006,491.8461554916383,492.4343260626108,489.54107374858745,507.74742933120547,503.2633781704562,501.64572037296665,184.95632155378328,1130.0816793369074,32,0.0215,0.0215,0.0,0.0,5
4.719511334351978,5.442883594951478,5.532817074298549,4.706867490881156,-0.00868254441878652,5.713308822452008,5.2705574788343075,-0.015969522022023636,5.5134984045588675,5.514239378022735,5.5378076544988755,5.505121235557864,1.2796682916142568e-05,5.538237940544018,5.50569779588192,5.513667243259986,5.513667242470079,510.33336535857643,512.0012117110401,507.66986357060915,515.6819780061671,517.7012166795955,514.6896898858396,251.17116888257604,969.4791926435109,20,0.5261,0.1789,-0.6901,0.0,2
1.6116894372817352,5.26347647382142,5.474796867967358,1.3666565279887966,0.047647020540769094,5.57850059696301,5.17276774484104,-0.01824306085466086,5.62276102571829,2.0099092242742254,5.62621373083827,5.476159514760033,-1.0986064746300477e-05,5.474906282893003,1.7779195082120562,5.417454296799454,5.41745429589524,499.9629668413258,501.25574991626115,498.07502743718396,523.5208819805882,527.827202687912,516.9501849727433,249.4502581637221,948.2332012835672,12,3.7649,0.1037,-3.6137,3.6137,3
2.0958227646013334,2.595098176087635,2.3927530139447,2.0236697840895084,0.0067651966990245815,2.4246031772688603,2.58847787902658,0.01192997090738952,2.3583408406644972,2.357792450915243,2.3961300322993804,2.3423538967664723,0.0003047856535660562,2.3958115803332705,2.3419271881365984,2.358215884215331,2.3582158847999364,427.4426263716039,457.7393715787833,395.974472334782,516.2233505296383,519.6619669651703,502.0654744615202,106.60527858236894,413.48685083813274,16,0.591,0.0314,-0.5239,0.0,2
5.140126734315512,5.482901405579104,4.9048357712260575,5.088630777879154,0.016758860928595,4.992804393331805,5.416436701939608,0.030705900197721837,4.913863769023129,4.912440151528882,4.925414509297122,4.900759264283079,4.029875700523877e-05,4.924587809325708,4.89965153046555,4.913539382603993,4.913539384121625,441.56513419982036,458.47020636144305,435.7362045131086,507.72593088887083,505.46098401548926,503.5428102145721,217.56885183735375,865.8198167074036,30,0.3923,0.0833,-0.4067,0.0,2
5.329005635650927,5.401364548178329,5.2761701853578336,5.32199525434053,0.0033983960195466912,5.3095067620198835,5.379630486888485,0.0062227849780631,5.3235163413885305,5.237928143284826,5.332768321765433,5.276812988758758,1.3849789269987616e-05,5.276400964055193,5.228488738363612,5.278350672378954,5.278350672686185,478.6548726131124,480.7534587378947,474.4618228576237,500.0399152695945,499.669567352972,499.0168143339024,231.88697440923178,928.0367441834927,33,0.0708,0.0325,-0.0853,0.0853,3
3.2031683092969487,3.109582811092709,2.561611471665113,3.1886551266167227,0.024509082217116576,2.5633223128002394,3.0891130578073813,0.04493973343199578,2.564720527220469,2.562636377555776,2.5696914580876467,2.559589645871402,3.837477500654905e-05,2.5684811846292304,2.5579679440633663,2.564245631506272,2.564245633728058,430.34833164179565,458.9839478995378,399.06891303280486,502.8756187658275,498.91135664080934,497.3142899756878,112.22797513680649,453.6556597843824,31,0.216348773,0.216348773,1.64313e-14,7.54952e-15,1
3.185195941032595,3.330811087821654,2.8378003929891675,3.160340233542348,0.018164540197540047,2.8583828999995102,3.318538290583262,0.03138200126364501,2.8559310997266603,2.644190567617336,2.875590759870498,2.838014660031407,0.00014274102547468374,2.838154237519226,2.6142937647493643,2.794002859132201,2.7940028606678653,428.5935918249982,458.3268428187274,397.9579820594733,523.7481608447342,527.9073920837689,504.4437745217907,127.62260229423286,490.1741188449606,12,0.2604,0.0528,-0.2103,0.2103,3
3.7218553230291613,3.9863870018514294,3.4815503199065843,3.709630374578228,0.017278138957176663,3.5206160717493615,3.9812032994829285,0.030767061904320075,3.5360777577162725,3.206357636781396,3.555126654090516,3.4816757201490947,7.513833978314196e-05,3.481901984584128,3.186670707046278,3.439354168025455,3.4393541695393606,429.05925148977644,458.67676730235956,398.187568332469,521.3451340045902,521.0675921685778,508.9205436923379,156.40153909074243,605.7465759949354,18,0.3466,0.0451,-0.3283,0.3283,3
2.6522840914304764,2.606125695379024,3.354118204631567,3.718097629469667,0.012287811411962732,3.354962028559543,3.6690013236952925,0.022364651397442065,2.2449926114401113,2.243964663654403,3.3548249194879123,3.3015575142805087,0.00021913196056657215,3.3542279863872064,3.300757655800626,3.3153486055496364,3.3153486066454696,428.46944832943376,458.35104336986285,397.2289366581627,518.8241583969009,518.8371635404571,507.6063311743016,101.87670518623852,617.3392780488592,19,0.052,0.052,0.0,0.0,5
2.844635083849613,3.1996210407520262,1.9297207714056304,2.8713035924631782,0.040529421051598805,1.9928491065023295,3.1615422424751554,0.0742873186218955,1.9238725786735684,1.9204270959093326,1.9332895433322026,1.9197414454636859,6.274466687904524e-05,1.9312887386819286,1.9170604740713841,1.9230874887034028,1.9230874923764243,432.77677732035585,460.71882242190844,402.9100261091214,507.49916689109523,500.6222999101105,496.34341361132323,84.35284761454521,343.17083585529844,27,0.4527,0.0582,-0.5097,0.0,2
2.2102354645792324,2.3001514041967255,2.280524372740631,2.206477125184159,-8.051786758635302e-05,2.305618597032811,2.2787131738642166,-0.00015018064920117175,2.3247232459018927,2.235230281879266,2.327519535501028,2.281428210488694,1.2684249994071011e-06,2.280723621319246,2.231733685266932,2.2831248491243272,2.2831248491168266,426.6681624733436,456.60307972800473,393.4826217818374,493.1882738900056,493.59317473104574,492.78543917392415,99.07716229799242,400.8526208363654,33,0.0712,0.0244,-0.0896,0.0895,3
-0.16446815181083624,0.6951228767618871,1.5237915977290706,-0.3383822552024782,-0.028856668940550948,1.5645735338596127,0.6498649897016276,-0.0530013456880485,1.511797874117031,1.5142562830543096,1.5250014397822345,1.510632527870905,-2.8978969464761886e-05,1.5264290469916042,1.5125454453000202,1.5123580487953832,1.5123580461746216,422.8439035087624,454.98201915408015,388.487955623433,493.86877846153845,499.83521373568595,494.98642244979163,66.21251657342644,261.5049149805081,25,0.86733,0.0393,-0.7492,0.0,2
4.907773700974093,5.204537863473864,4.28841840754951,4.9095660784965505,0.029249352027559333,4.367537290573195,5.168401172646777,0.05314784101254841,4.228712290978275,4.226252884145885,4.292209251549968,4.2009769331094455,0.0006778662121436997,4.290781064859197,4.199063239206195,4.2281518889188865,4.228151891540712,430.39777537810215,459.4089623308271,400.54450908588086,531.9243028984235,530.7557542751771,513.5542244007889,194.76742437091013,745.5159874384784,13,0.3741,0.0749,-0.4072,0.0,2
0.0417791090210794,0.7053525238388876,0.8196964913652859,-0.07101350917482449,-0.003925442676054705,0.8367781367865367,0.6978238588285595,-0.007566597050652667,0.80900023347969,0.8093515075321276,0.8221249901966878,0.8017780925093493,4.143031829611686e-05,0.8223289763448507,0.802051423055425,0.8090802750164554,0.8090802746419833,425.47900663281894,456.47450258596797,393.4823853398047,505.9053150591295,512.9292456517057,493.72229888996617,35.813713457128856,140.64203488641604,11,0.74856,0.01387,-0.6478,0.0,2
1.2084946650259838,1.6291697419119415,1.4685640177384576,1.1393044483573902,0.0050207881671564,1.4932085227127374,1.6218500753581582,0.009068123554070296,1.450731230548167,1.4503115539856342,1.4715525456828977,1.4437351066960395,7.105161205468632e-05,1.4713088379428265,1.4434085513378618,1.450635602770435,1.450635603217827,427.37607567822675,457.69277505719197,395.7165625803194,508.1359022855714,510.3171083889287,496.43204064314125,64.56797243350817,254.79075890939902,18,0.49909,0.0208,-0.43952,0.0,2
6.036858587735983,6.377761142183219,5.574834412333368,6.041020110829143,0.0242174016945921,5.6635235346190385,6.309841712364584,0.04437161912113906,5.736863959548179,5.301606267823903,5.7433490769024695,5.574512051926258,4.055495694717801e-05,5.5752541676684135,5.289810937358445,5.579095092557698,5.579095094751279,491.8119185570714,492.3138533551785,489.7623096489967,509.93386306158834,505.8360694438749,504.6038266418316,247.27838567943795,984.1014582963959,30,0.3665,0.0864,-0.4333,0.4332,3
0.8383344962127302,0.9241648037971404,1.8832234228089462,0.7976988499392978,-0.02225196576681617,1.881654354698249,0.8889921223739713,-0.040989581226167776,1.8528381251250703,1.854749566643308,1.8847386053637265,1.8397150835773535,0.0002093481075872811,1.8858485865594286,1.8412023991087636,1.8532736674473549,1.8532736654096824,423.30278911192437,455.3173102926139,389.89918593316776,507.3645842352309,516.2027082655712,499.2129253355321,83.70970660775791,320.96197296597654,16,0.312021915,0.312021915,3.55271e-15,9.32587e-15,1
-0.7537527092771277,0.8239281175730824,1.3095729922378647,-1.0321678310279763,-0.01609794146357363,1.33459624424005,0.8014390346351777,-0.03089532912115806,1.2894434090818647,1.2908769255520494,1.3112874486135866,1.2808548985409773,8.398019810055719e-05,1.3121198969571284,1.2819703348702058,1.2897700510881727,1.2897700495599873,424.02821148403984,455.71005744949235,391.03934592511814,505.4235024636495,513.1594134560262,495.9507731207367,57.18913470572554,222.97283430366923,15,1.76164,0.0227,-1.513311,0.0,2
2.0031119097591086,2.1634821347656255,2.837635319681605,1.980374126951374,-0.022418483318990674,2.854567349943495,2.1467034926460324,-0.04114868215005495,2.854229409289868,2.7814395127686975,2.873622122139459,2.8395771786213233,-1.0047723637014169e-06,2.8376313263307025,2.7757634530082496,2.817364646725612,2.817364644689366,423.6963880671389,455.5513078282048,389.90221976766327,504.5818687130066,509.5770989343312,504.29184227274715,126.60237780113152,491.9900002205172,23,0.0843,0.0277,-0.0746,0.0747,3
2.215004086100411,2.5702703214703866,2.7896214103206494,2.2005889289782177,-0.009476892690658071,2.866656597367847,2.50266981835741,-0.017443705962467415,2.7636917055273234,2.7645015818298146,2.790764619768901,2.75376315438068,6.49061073639526e-05,2.7912349179485907,2.754393328828459,2.7638762444745963,2.7638762436112363,425.5174412807089,456.59344196716233,392.6596798849491,508.46921571723146,511.9643772939121,503.77502603227396,124.24000568206249,484.03591871161836,22,0.2613,0.0756,-0.3189,0.0,2
0.3113873134099307,1.5781660685589036,1.2454157482739183,0.05241673262336874,0.010424979302411437,1.2763314741231986,1.5601035722650498,0.018800378026820944,1.2369553861569773,1.2360834876749016,1.2487151791196043,1.233340174443419,2.8465576940779906e-05,1.2482088644296536,1.232661739795102,1.2367567147950465,1.2367567157245247,428.29690658244243,458.2675602688704,396.8235092045697,503.1223000629069,502.67578748978696,494.4451776748887,53.965088854416265,218.26322943348993,21,1.54583,0.0267,-1.30593,0.0,2
4.9322063186851,4.887879813157762,4.546820939496034,4.931691368533278,0.011612696219866282,4.547631274542465,4.884543550250039,0.021289616163456704,4.541079035603037,4.5400918840314315,4.547499606925274,4.531682501290391,2.2987040767900275e-05,4.546926364337763,4.530914386833163,4.540854102596277,4.540854103648619,429.3808116289058,458.1609180421401,406.34817375469805,507.5881854171889,505.8375890622035,504.809886456362,201.67774913021114,799.677379314783,29,0.0146,0.0146,0.0,0.0,0
4.104823293244024,4.075671229657128,5.643467900740962,5.806886272284969,0.008468272845194191,5.644000831061529,5.775878725440818,0.014832460190097197,3.8475919303984623,3.846942713749349,5.643914237663221,5.5438137878998575,0.0008461078465492491,5.643537235141524,5.543308624651982,5.570223944342223,5.570223945034313,502.48226038993437,502.73854039846833,501.77350552084516,529.2946898362367,530.6497743731289,517.9208319704506,178.54102458791903,1117.8189952217651,12,0.0993,0.0993,0.0,0.0,5
0.9091782809104505,1.1192517719990607,2.5049623054795926,1.7759865517876499,-0.01869826833920947,2.503605272620526,1.8549429525079146,-0.03472199983917611,2.461897548805132,2.463550688608783,2.503825770652533,2.4458640045247635,0.00031686531567289944,2.5047857550823003,2.447150332399356,2.4622742343287394,2.462274232566427,423.7387109972939,455.57404578211407,390.5368964543581,517.4244100936239,519.0863672451084,502.3384099815506,112.09469911021803,578.3873266477657,16,0.06,0.06,0.0,0.0,4
3.1649569066433063,3.294113330042882,5.374979205802527,2.9630345441066317,-0.032702125857604694,5.372618090819354,3.100411571871672,-0.06089826617070335,5.298886716028507,5.301763030432837,5.378408084540694,5.268904587949242,0.0011125420213268771,5.380078371008405,5.271142682625934,5.29954211492161,5.299542111855344,506.69546427149703,509.37305146702494,503.28939688635637,520.4679217700832,530.1896339027385,515.9635263573092,247.08262168259296,925.7512543386335,10,1.247987087,1.247987087,2.93099e-14,0.0,1
4.376208891294831,4.360640270914636,4.58820972520833,4.313854541455825,0.004086847049729742,4.5884943359298065,4.297295002735735,0.0074856327482412145,4.593648958668576,4.59330224538962,4.601031134841817,4.587984613721442,1.0068125873605378e-05,4.6008297971517695,4.587714831967819,4.593569956352658,4.593569956722268,431.17550739332097,457.73680034164727,416.3599040684052,511.5419157128757,511.05460345759565,510.2457979482497,206.17440178226423,808.2624328306374,25,0.414659577,0.414659577,3.37508e-14,1.95399e-14,1
-0.042841846690217816,0.5921531769115002,0.6875012540771748,-0.047573564069827545,-0.004326832423740667,0.7238771483855054,0.5573402527691175,-0.007987368422098868,0.6884619231545128,0.6888323852402733,0.6891565611215988,0.688053321263667,-6.300232679496702e-06,0.6893716898320466,0.6883415822482134,0.6885463368891791,0.6885463364942517,426.34672414470356,456.90563009639067,393.40499265908795,482.4660651070029,484.17063224788427,483.00986091893856,28.93270647351858,120.24011257303036,28,0.58516,0.03462,-0.61836,0.0,2
4.37165560167058,4.493995538539554,4.14298337992781,4.371408233559176,0.010576094844213626,4.185521204244034,4.464379315527773,0.0193844407015626,4.217827329214664,4.054228510341489,4.224401318562116,4.143293122468681,2.023073570837537e-05,4.143279371100973,4.046693740741726,4.143122523754701,4.143122524712878,428.4921982072338,458.2240379589963,396.64000009911297,511.3354264499136,509.85190168826364,508.5226278762157,185.4203815745699,729.8271176489222,26,0.1353,0.0412,-0.1627,0.1627,3
5.945532886990761,5.890325591266472,5.672313578397711,5.919680729171782,0.01446939410544305,5.673322825709492,5.8609595754117025,0.026521699485044476,5.681584790223725,5.680355323382385,5.691413660752554,5.671570328216568,3.2880718283235926e-05,5.690699704787066,5.67061366534667,5.681304643100133,5.681304644410793,508.99471596884587,509.4566252809889,507.5770413247665,517.5660962392827,515.3002486475077,513.6407052490244,256.7204242166629,1001.7530383018911,23,0.25016095,0.25016095,3.55271e-14,3.10862e-14,1
2.1304647163551484,2.1097614404626808,2.606626247331283,2.754104151563771,0.0055192924233823295,2.6070047249448915,2.73208314453799,0.010039024827235274,1.9477835878884533,1.9473225257972397,2.606943227857034,2.567274762703973,0.00010616671464907414,2.606675487386601,2.566916004770412,2.5749950302804674,2.574995030771978,427.61570385821295,457.8634800083216,395.81878103669044,512.2636949859387,513.0272545333894,502.4788673636307,87.6133371520801,504.8948663574907,21,0.0391,0.0391,0.0,0.0,5
2.6375731426098623,2.578804765125658,3.3532755293792462,3.8531960958585785,0.015419628280453599,3.3543498770033326,3.790687203053635,0.028249353460991743,2.119013974836943,2.1177052026812295,3.354175311195865,3.322861664405125,5.3914338727721333e-05,3.353415302339492,3.3218432931205757,3.3305869165705406,3.3305869179657437,429.1119151651261,458.71724963377784,397.85254707050626,515.0413046124,513.1795779830336,507.47836574341096,95.30426396623952,628.5495349093284,23,0.0297,0.0297,0.0,0.0,5
4.993702821970536,6.160531405602632,5.818295952862414,4.979553934188731,0.0073411537706325625,5.97047622192827,6.029310383254103,0.012645406987239228,5.752989653202736,5.7524045885862645,5.823398185215196,5.72817683151232,0.0006222093604083326,5.823058436017348,5.727721585729148,5.75285633999419,5.752856340617892,520.0243292019653,520.4154433344276,519.1150558898097,528.136597368975,529.237543519689,517.4792476605877,266.04686928789,1012.2550612757124,13,1.0755,0.1495,-1.1931,0.0,2
3.5065647356329137,3.79017851571176,3.434704033207566,3.490816208047218,0.012281546384989309,3.473420944210674,3.7826857801115423,0.021604655582129182,3.4891634122816018,3.1598682498680635,3.507988208096507,3.43506122551756,6.779546050135617e-05,3.4350103135833048,3.140386877728309,3.392536653919126,3.3925366549800087,428.344289295174,458.25879714722225,397.1379597988212,520.03292177203,520.6553600011698,508.6450792042681,154.29741374384545,596.8451784877032,18,0.3466,0.0451,-0.3283,0.3283,3
1.05218505303215,1.0830753840396603,1.3302646775086384,1.0446810414906291,-0.008087023100636196,1.3296999698351268,1.0775374937582909,-0.014830691626600428,1.3247545032231134,1.325442431099194,1.3297917265894579,1.3234399052465695,-1.036673975222528e-05,1.3301912088645695,1.3239751901636447,1.3249112549216895,1.3249112541883312,425.82261075066293,456.65338497370664,392.70088130249746,493.52577533150765,495.38267369604864,492.59407483154627,57.70281702397506,231.59031252739817,27,0.0072,0.0072,0.0,0.0,0
3.025679856315096,3.6568319000196907,3.5672637149240716,2.9049102959666033,0.00034587371701342087,3.6498865288750144,3.580682909204637,0.0006006250705573521,3.572668165918565,3.572640373923602,3.576682821940984,3.5681485558823103,2.6502192537863e-06,3.576666683026189,3.5681269305982712,3.5726618332163023,3.5726618332459297,426.8867580356971,456.95733496062,393.988643676064,500.4458177773251,500.6869597001697,500.1480151880249,157.0476083502375,627.5821452736097,31,0.6736,0.0791,-0.6324,0.0,2
3.9203038168421114,4.229717717570866,4.018522027677345,3.912188333065263,0.006553284277895184,4.067866003062872,4.212256461555716,0.011730242895754667,4.097408647132304,3.763267795540721,4.1160938635430995,4.019127022159583,4.094540136730215e-05,4.0187797890131725,3.7528061790604483,3.9853854083327063,3.9853854089092757,427.69994396266065,457.91195738475517,396.0158537773888,518.0900737574126,518.1446545548553,510.4705881146428,181.08795440170763,701.3289527503654,20,0.3252,0.0482,-0.3337,0.3336,3
6.109351873453188,6.150386780238289,5.631050913826498,6.113686279237099,0.01636263251521484,5.66939284129424,6.128145380526387,0.029998647750447287,5.689773703508277,5.5848826054687635,5.6972072947485906,5.631092144500882,2.9556851740548235e-05,5.631399478945436,5.577209714460442,5.6355567269934985,5.635556728476464,502.4904225525516,503.48822168327496,499.90588444542294,507.93551537969915,505.16943843013337,504.33173061621,249.857836101616,993.1386476549824,30,0.0803,0.0366,-0.1035,0.1035,3
3.4086653718780875,3.4205239928515216,5.4476872544744,5.324617372635281,-0.0030980753231241733,5.44747046643612,5.337230776288326,-0.005686931007462495,3.5133032211120776,3.5135673126796787,5.447505691328048,5.431631302251738,2.5067487581399672e-06,5.447659050283153,5.431836795062509,5.439605135276233,5.439605134994701,497.3256849027199,500.05025137057316,492.5077180734108,496.92452232836405,497.72381725782617,497.3388118844074,153.8591443563904,1033.881114700686,34,0.0162,0.0162,0.0,0.0,5
0.32932608651418394,0.28518446681620013,0.8603312054192636,0.1318799605240991,0.011617977404561875,0.8611381605586764,0.0849287957641148,0.021254534920569085,0.8606370921074932,0.8596540579445315,0.863680631127041,0.8586693400390699,1.7783000860554597e-05,0.8631097795340369,0.857904429386806,0.860413097296176,0.8604130983441295,428.53059678454576,458.35606804353836,397.08921373335335,496.1899259375468,494.8139159587695,491.5754326903163,37.07779903136781,152.59113397741646,22,1.126255483,1.126255483,4.4964e-15,3.10862e-15,1
4.595773652077517,4.5998035506773265,4.831201928356328,4.578694569700046,-0.0007182311975051973,4.831128257580116,4.582980965043494,-0.0015979984082791958,4.780051427211578,4.7801411730800805,4.835741222005934,4.763486881911278,0.00034767527670499397,4.835793337765416,4.763556714246104,4.780071876764238,4.780071876668565,440.8068816211657,457.109065286111,436.38674814407545,522.1435779620084,524.119770576595,514.168032481815,219.82409982153666,840.1201373544552,16,0.216189916,0.216189916,2.4869e-14,2.13163e-14,1
0.5080560010223556,0.6557837024349615,0.839180623384822,0.875595322032862,0.0013316765161247826,0.839272890152802,0.8702269539368952,0.0024419128493232715,0.8324986246015873,0.832386225063372,0.8392578981497542,0.830049315468781,8.202157172998012e-06,0.839192627320051,0.8299618560423138,0.8324730131688383,0.8324730132886606,426.97910415129854,457.4905511480915,394.95761654035636,493.747224253723,499.1690334772162,492.3828590667067,36.48453129767496,184.2056346580851,20,0.00907,0.00907,0.0,0.0,4
2.2628870507391836,2.2675920074330125,3.1583018919110493,3.7101965583307606,0.01651262579286756,3.159453879436109,3.6431703341346235,0.03027599443596383,3.1479266443067764,3.1465232910878314,3.159266698277985,3.141536438042741,3.150860959130226e-05,3.1584517658465745,3.140444472100453,3.1476068753187465,3.147606876814777,429.34104101186296,458.72027532849154,397.8861536135093,502.54331126423153,508.28132660021384,504.74967460734945,140.33851598536145,721.2913945056292,26,0.016,0.016,0.0,0.0,4
0.03745659361369785,0.1472072629147441,1.0150636706170608,0.015090734881702622,-0.028730622732497647,1.0130573131872147,0.1318268626479285,-0.052690292639855585,1.0058722309276256,1.0083163790596836,1.0133833169842694,1.0054968222549707,-3.49625563069198e-05,1.014802642891031,1.0073986431807966,1.006429156129515,1.006429153523956,422.8378962894345,454.98604544293204,388.56317850308943,490.9828138252664,496.9990474685088,492.415666517653,43.88512704533091,172.8036290659222,24,0.0109,0.0109,0.0,0.0,0
2.832403169128428,2.9953166773063673,3.548637293670852,2.804810416679585,-0.01719607641888893,3.5677103882985803,2.973395594696216,-0.03191525717943501,3.544997924827223,3.4505925430987436,3.5894097425133564,3.5328525277274925,0.0002494544170570383,3.548677672900089,3.4368155080999245,3.498938489530195,3.4989384879368726,424.00541209119586,455.7299604562536,390.9284300853753,515.9248286822832,521.6401414877457,509.3211660165606,160.5295972991864,611.6929648698527,16,0.139,0.0621,-0.0958,0.0959,3
0.9779542895385194,1.134035029958122,1.7654309004803361,0.9416625364708149,-0.02013875303544843,1.7747961901715654,1.107438453284412,-0.03744303440051426,1.7646509889604143,1.6887987555692259,1.78582930965535,1.751384213369461,0.00013379025443227045,1.765444244222663,1.6705441714941345,1.7337492362101208,1.7337492343469323,423.2295081930466,455.19097509768926,390.0831769329902,510.2131421689742,521.4545742558457,498.70707146700767,78.8211671259499,299.39039093527657,12,0.1165,0.045,-0.0776,0.0776,3
0.7984771667194495,1.049372767941278,2.059789659754611,0.770462215783507,-0.03418227737383679,2.0812022350902755,1.0224700227884993,-0.06269795461425699,2.098423873970256,1.981032238874216,2.1071901567507823,2.062276016728846,-4.386378083944265e-05,2.059779055062781,1.978939050283049,2.0477865759112963,2.047786572810864,422.0868849075102,454.4794626320766,387.2366056947192,494.8393776284059,501.62873272855245,498.0347542426786,90.60961971539311,355.07990825849197,26,0.1124,0.0231,-0.1203,0.1203,3
0.13162736997178587,0.16090125458675933,0.6751030303708413,0.4092068078283706,-0.007665145326175933,0.6745678730340181,0.4403439294185231,-0.014055927421152744,0.38993365463144253,0.3905855842356576,0.6746548282899615,0.67337862298336,-1.1128723834466431e-05,0.675033406234772,0.6738858972140825,0.6740571704551603,0.6740571697601775,425.4831752579321,455.8187912604869,391.6697937291206,473.176932939417,475.99759391740866,474.397409451357,16.08601456539561,132.77650655747368,34,0.00208,0.00208,0.0,0.0,5
5.503955707479801,5.883942211897408,5.3503678036412,5.504886574994283,0.015236249364046677,5.436730179336753,5.8128742463000505,0.027907747268889786,5.510775072797804,5.071280884866382,5.516157558792927,5.350461893578749,2.60723371958061e-05,5.350706019049818,5.0626548704537395,5.353880178284031,5.353880179663688,477.68737825509567,478.82290524442493,474.79652537544086,506.07627057600735,503.4954305166644,502.6889120304576,236.55799864792402,943.1087192001643,31,0.3692,0.0847,-0.4381,0.4382,3
-0.4530288492045513,1.927276783496318,1.9462447957478572,-0.834118241607438,0.0008902387273176399,1.9770498141287152,1.9085480849895449,-0.0024734199087845365,1.917526264864503,1.9176419716391548,1.9489652472554502,1.9030079075838875,0.0002362806969252492,1.9490324386096471,1.9030979404106243,1.917552629886323,1.917552629762975,426.1553316608997,456.95619600237836,394.23421488927204,513.5427137297775,519.4277583290992,499.76499713302536,85.65509336293363,334.5763469992032,14,2.73354,0.0273,-2.37511,0.0,2
2.8619040501490667,2.945055886283971,2.7754743953709378,2.8468000268243436,0.006816075710819614,2.7933195053623843,2.931802140406609,0.011975773650893338,2.779061236187147,2.671019002416648,2.811547181485711,2.764478635948753,0.00021965928410506714,2.7757323043193494,2.653156717359655,2.7328376824433516,2.7328376830213945,427.4322693794284,457.73331683398834,395.95926763241806,518.1543417317916,521.2859953412654,503.84148406374936,124.26479807596077,479.35790457351936,16,0.1481,0.0546,-0.1075,0.1075,3
5.04799732521285,4.969086160021328,5.717925786201945,6.409173137879497,0.020673458506892454,5.719368365127323,6.325239400430376,0.03790055590898431,4.351702652781132,4.3499453006098,5.719133967108192,5.697067244902885,4.1165374976022085e-05,5.718113466169088,5.695699828137244,5.707706801464146,5.707706803337553,504.87661882752656,506.2084528319856,501.5304985264168,503.16645670189,499.76472424510285,498.5091420384054,190.81771872189364,1120.1298763635834,34,0.0199,0.0199,0.0,0.0,5
2.785727252820255,2.6922197623838153,4.355200551706635,2.1708339107230694,0.02484746771058242,4.356909966777889,2.071374814753954,0.04526108904875471,4.362335621037388,4.360253208606201,4.36927634777986,4.355558058480572,3.9180527262994754e-05,4.368067083139399,4.353937708434726,4.361861121170361,4.3618611233902955,430.48502497117875,459.3720458345238,399.5457596255361,513.3438357327404,509.1666319327307,507.95975877487035,193.48209095718664,769.6192708070627,27,3.027056063,3.027056063,2.08722e-14,1.33227e-14,1
0.7541601247806773,0.8171602443094025,0.7536341424304808,0.7506091782308733,0.002129863845246526,0.7620105714527188,0.8154394813940175,0.0038544009452419307,0.7649827106856364,0.6937943305945029,0.7693367788739198,0.754426845663748,6.052238406099492e-06,0.7538531928918447,0.6897280459790569,0.744232064880677,0.7442320650708372,426.7401116933216,457.29544666272307,395.0205824486048,502.3508126696545,504.89303809171514,492.4156286508416,32.88322519090577,130.73644019081257,15,0.07521,0.01009,-0.07101,0.07101,3
4.553661165417093,4.458568387756372,4.322709775254731,4.493488481349639,0.025208649547692447,4.324448171040373,4.392343197103601,0.045968354958463326,4.2707945167135435,4.268676799925374,4.328112728099266,4.255118327396585,0.00036469313299120645,4.326882962087457,4.253470506607866,4.2703119723725,4.27031197463007,430.0815436164887,459.2801946177257,399.8508219461034,527.9508594289435,525.5657501200742,513.1332335886448,195.56883906436542,753.358773839602,16,0.686197323,0.686197323,1.77636e-14,1.86517e-14,1
5.476835487814634,5.843154831479024,5.642696756536488,5.469837215791699,0.004707597722947194,5.716223633701958,5.785518483643357,0.008594674018108038,5.780160530166367,5.395562327831375,5.7900705209337495,5.643379558532754,1.3490557816253372e-05,5.642939283357445,5.38666971252814,5.633669795520254,5.633669795944754,511.7499468325184,512.6716539694482,509.85352320977285,517.8395928867743,517.3062772561992,514.6981207267279,256.0416456646483,992.3409488081724,21,0.334,0.0725,-0.3842,0.3842,3
0.27102845829519623,0.48834269496322025,0.7771906048632317,0.26111433813915386,-0.010209204109196795,0.7946773836673413,0.4677817699578847,-0.018732663575561755,0.8091014556372439,0.631670302946177,0.8093032717013184,0.7785545144425264,-1.4898855569329253e-05,0.7772978145636819,0.6298405749364888,0.7753394317568545,0.7753394308306287,425.48822679725623,456.53544072828055,392.4540269129745,490.2571215312498,492.5671723090042,490.21680014131107,33.43001862178421,134.80068199231454,24,0.16448,0.01751,-0.1783,0.1783,3
2.174336813868455,2.581477497208042,2.714634966362961,2.1037791492239517,-0.006313837540211181,2.7727936493332943,2.526256349305201,-0.011590220404317949,2.7189488655523752,2.7194864787301976,2.7224653569090407,2.71512820549981,-7.669444655959667e-06,2.7227775508800574,2.715546528750423,2.7190713664448825,2.7190713658717653,425.9855044359319,456.5412277738758,392.6921448072924,498.11992600947707,499.618486877206,499.03151107373446,119.36808017140007,476.7388807127412,30,0.3933,0.0551,-0.383,0.0,2
-0.8841840311058986,-0.16549636557917777,0.6809883351093469,-0.30223722684181076,-0.020517448614689016,0.6795554698318306,-0.2188686596963422,-0.0376285468468915,0.6784164415544295,0.6801619605429383,0.6825503325249668,0.6776955190422179,-2.7332118825492836e-05,0.6835639618908141,0.6790537282666225,0.6788141766598947,0.6788141747991021,423.94002485279765,455.67240845628174,390.34996044879136,550.4429174048125,495.1379130660228,490.92930110820305,29.268885377612584,116.43747073425844,22,0.276866741,0.276866741,4.44089e-15,3.10862e-15,1
0.2706716797157546,0.3127913719665938,0.6435667556546194,0.26190412593474566,-0.01102878259830226,0.6427967634711687,0.30670467072760743,-0.020223933109516395,0.6423265304272129,0.6432645362525383,0.6429218759619808,0.641998387493132,-1.6071848990281674e-05,0.6434665794319201,0.6427282610567479,0.6425402650518826,0.6425402640519311,425.001872559907,455.53741951121077,390.96321172670326,472.29356974527775,475.7200849024088,474.2119705535817,26.54358946696503,111.352052503769,34,0.00208,0.00208,0.0,0.0,0
1.2575156085024977,1.0967716421543456,1.5174554361786532,1.424791594909288,-0.002530973919511952,1.51727862230151,1.4350791772941507,-0.004642533951641813,1.5137209398480758,1.5139363348226265,1.517307351975726,1.5120729225778422,-2.7968204050837015e-06,1.5174324326382098,1.512240523986507,1.5137700198887305,1.513770019659111,426.5776134234788,456.9781471569382,393.6479941875702,501.0539204681255,494.1710555201286,492.44037774649007,65.78350055878484,294.5525283582013,29,0.0055,0.0055,0.0,0.0,4
2.121151139300479,2.590423130876786,2.0759048854406976,2.033994043620157,0.01611314488669224,2.1191278539099234,2.567756238525745,0.029500144128945645,2.065023976227962,2.0636559740736153,2.0798453879248027,2.0612587136809704,3.7337776799879905e-05,2.079050983988027,2.0601942548253116,2.0647122623567764,2.064712263815121,429.28156538434257,458.7455056057716,397.9388397294176,506.6441985298972,504.5170342040203,498.17675951699755,91.19747991166001,364.6548694876257,25,0.5955,0.0385,-0.5307,0.0,2
6.706436419554986,6.666068836250589,5.763426741884096,6.715445699779726,0.03088142887079299,5.788876000706608,6.667995123658475,0.056541409366261994,5.767546061589292,5.687627830730619,5.80912677751907,5.753498637461176,0.00013324054033923,5.763906361125785,5.673861360681443,5.72594946978275,5.725949472573888,501.5149853966916,500.62517452465664,501.926789849682,528.6147291862787,523.9898219530877,517.1171765170457,262.12382031926006,1011.8427963401739,18,0.1075,0.0532,-0.0772,0.0773,3
0.11936403735226492,0.191723682706357,1.0597581016514865,0.40505304101784856,-0.01894698514115737,1.0584352913852548,0.482018264637615,-0.03474382017039944,0.7578495474422225,0.7594609972233939,1.0586502287454478,1.058037061026739,-2.766732036931827e-05,1.0595860036241727,1.0592909493956768,1.0585672078015325,1.058567206083663,423.86885146623035,454.8750502196971,389.2998669824581,478.284069388342,481.8868087646054,481.7854340794881,31.81602587300287,200.15410336174457,34,0.0026,0.0026,0.0,0.0,5
-3.21609071823175,-3.2523768424871866,1.6755480240345988,-4.053197840917112,0.011420256828913629,1.6762113724721424,-4.091793520234609,0.019341881042364818,1.6776507091014692,1.676842616874029,1.6811955280334412,1.675087262091764,1.4576893515109504e-05,1.6807262658727666,1.674458475854144,1.6774665766747112,1.6774665775361697,428.3284354411372,458.06127349657874,396.31256641346437,496.7551326095665,495.4927717592406,494.3499807035161,70.62389817866138,294.9267111441996,28,6.055756385,6.055756385,7.99361e-15,5.55112e-15,1
2.1098410220193022,2.234089518338053,2.666694674586703,2.073040870767291,-0.01285733874145467,2.6786541420733165,2.2034639834179455,-0.024230580578575463,2.654511176995762,2.582856935349451,2.692506964878494,2.6326196242801503,0.0003809023848098093,2.6667723110140042,2.5578111525735485,2.621072250248268,2.6210722490268443,424.33234385026816,455.8630834356873,391.640082054727,515.5920591145316,524.5485539982107,503.82730224832966,119.93693057706625,456.0003622910919,13,0.13,0.0672,-0.0728,0.0728,3
5.870529220557383,5.9327319735546125,5.579084152979749,5.870954906843476,0.010819893708278707,5.617039110000822,5.907929154652524,0.01983475618770328,5.63773144485181,5.533311754887605,5.644916440504439,5.579382511460536,2.1411368321237864e-05,5.579382373123145,5.525866889687757,5.58362188369131,5.583621884671736,501.69731231907497,503.0245658286999,498.74154977784883,506.4798734478688,504.7121477467828,504.02615683049527,247.5237219935693,983.2642941457665,30,0.0803,0.0366,-0.1035,0.1035,3
1.6776898646668275,2.1234717767915416,2.0419553456336037,1.592368749875857,0.0011141840105440763,2.0919324567072968,2.0788821873038525,0.0020256928242630818,2.0442703899792867,2.0441764531343734,2.046419927283354,2.0423041081259363,2.1571393834319016e-06,2.0463653778082893,2.042231014742185,2.0442489854679837,2.044248985568124,426.83804199567913,456.7023920704492,393.7220153828997,491.9600637845665,491.93112369145126,491.4408912719609,88.27611573827689,358.9676489708077,33,0.4876,0.0465,-0.45,0.0,2
2.4633365356496864,2.6589619563902676,3.4683300144159297,2.429703410025265,-0.02576159533815319,3.486805100947375,2.6330825626819543,-0.047622114115412104,3.464573974385001,3.370897087165896,3.5086016227491212,3.452942603131907,0.00023686672444425515,3.468292592605732,3.357472433804493,3.4186805343263087,3.418680531956382,422.7797723945526,455.01344590763006,389.1291155279257,513.6753399473703,520.9334634110264,508.84894494789046,156.9225540578241,596.433548046377,16,0.139,0.0621,-0.0958,0.0959,3
0.7792971610093171,0.5214797565450494,1.163643064887385,0.33656189205906095,0.018175954126523623,1.1649055806892235,0.26310478827590644,0.03325276019053395,1.167706541314372,1.1661685423552364,1.1695613782994212,1.1651749979937267,2.678462398712852e-05,1.1686682565861168,1.1639782625888562,1.1673560918593708,1.1673560934989389,429.42944450041887,458.4467504437815,397.71994453039423,560.5819596886722,485.77126206605607,484.60220189587824,49.55711510018074,207.2157090952737,31,1.449462903,1.449462903,5.66214e-15,3.55271e-15,1
3.9985164654615986,4.305505981763287,4.38254209068571,3.9733389914598094,-0.0064868725593938085,4.504488912308478,4.187606321706507,-0.011900152155096759,4.387153675730029,4.387705738422214,4.394062547180074,4.382543211257195,-5.939118528386006e-06,4.394383132037798,4.3829727778479395,4.387279469098388,4.387279468509868,427.10119416568034,456.78701587916976,404.3164558333803,505.8253079384213,507.1744700865676,506.81214468177666,195.83653533138977,770.4362138295814,27,0.1858,0.1203,-0.2822,0.0,2
0.5732667049635937,0.5937042625789751,0.763456087252953,0.566312835901126,-0.005337414867340065,0.7630824672483492,0.5880512120970335,-0.009799138310993636,0.7536031941101892,0.7540583386536128,0.7631431750456462,0.7507443441755153,6.2355349515004255e-06,0.7634074791740781,0.7510984975942893,0.753706903645389,0.7537069031601867,425.82425199098714,456.79234022646307,393.5358347630805,499.5945775705747,502.91848579991097,492.69496847961244,33.21041259738798,131.4663107083787,17,0.01296,0.01296,0.0,0.0,0
0.47120697931172123,0.5244432845729451,1.117395482106017,0.4498017776609432,-0.013849923699936538,1.1164222665686663,0.5064264904973576,-0.02547194212833902,6.072264755067609,1.1002777029382858,1.1193295908881882,1.0902987334817873,7.607332780408107e-05,1.1200180574617293,1.0912212419275602,1.0993622754821593,1.0993622742182914,424.3532673846376,455.9042748612477,391.58894025301004,471.354928377641,513.218341517909,494.9237766811858,49.198605985148006,190.16638715124964,14,0.187828168,0.187828168,6.21725e-15,5.32907e-15,1
2.7759831385542117,2.8037891703385296,3.0722365881558193,2.747848654039201,-0.006751488342607496,3.0717282647094084,2.7774244962615575,-0.012821823468840698,3.021337414414872,3.0219566549268286,3.0718108598498337,2.9987743506228104,0.0005187401126054,3.0721704551172437,2.999256189079454,3.021478514965455,3.0214785143053198,425.30817230815467,456.46094278652157,392.9905327859194,518.4878722654423,524.5993040601064,507.04859901130754,138.5539133312776,528.0290730206864,14,0.0738,0.0738,0.0,0.0,0
4.2075057004407395,4.169073421624895,3.9132506969015295,4.201902359970845,0.010241400142545248,3.9139532792970555,4.161023926711477,0.018631551383348807,3.868387770500987,3.867531883397275,3.913839119912851,3.8550838564186583,0.00019280891554311413,3.913342103089841,3.854417880415554,3.868192747502267,3.8681927484146765,428.17996858816986,458.1818121947341,396.80396256996255,519.9428591751621,519.8402556087331,510.27479885925635,176.12781065345487,680.9278469519015,19,0.0577,0.0577,0.0,0.0,0
4.833127593700599,5.20366925514153,5.129416211782364,4.784749158300804,0.00018498403203076478,5.207228246902221,5.138148917522008,0.00032268593061262913,5.131618559830379,5.1316038986263095,5.141626291370912,5.122908214882355,8.533331669337066e-06,5.141617777555203,5.122896806823927,5.131615219118771,5.1316152191344,468.80466642298217,470.41442010321435,465.72621182805483,506.4652717391424,506.68422214081374,506.0395036124016,228.54259299331613,902.3071010435285,28,0.3506,0.0743,-0.3712,0.0,2
1.8230522487937983,1.9627245410889367,2.977740018684638,3.1960561221077803,0.009610178290769008,2.978331568725719,3.1616378972449364,0.016700452135882053,2.9301554299074453,2.9294348026122194,2.9782354504784556,2.904046955168417,0.0006391817546308816,2.9778169795290816,2.9034862264417884,2.9299912272977027,2.92999122806592,427.38240367380536,457.6187767093913,396.17988326076403,524.1523350221121,527.8290464642738,506.1171214224473,134.29808978150703,589.1088740935606,12,0.0733,0.0733,0.0,0.0,4
4.774949416385625,5.054454980727378,4.728737849481684,4.770400473546879,0.009023582685748894,4.794566615866143,5.002816885847426,0.016521562339274175,4.849860521601117,4.535194557291263,4.857164450506299,4.729220057057048,1.8395135146167307e-05,4.729119652183983,4.5255240510565065,4.727285988469385,4.727285989285933,434.9186799451321,457.9433681649961,424.46186152465526,507.025190216523,505.7830257584074,504.55650955540256,209.9225699527345,832.0442783378189,29,0.2683,0.0645,-0.3139,0.3139,3
2.706731550894312,2.733154018665693,2.0020040154325724,2.7183186544562394,0.024414880407587602,2.0225055704165005,2.7404168828624735,0.0447118375643481,2.028535988262816,1.9069631510037632,2.0417290925679343,2.0017733939490454,4.7316657390688326e-05,2.002425388265529,1.9012604944592844,1.9832636702008128,1.9832636724105397,430.39739983168323,459.4687498243666,399.73971772942764,510.40063034592765,507.4607614110039,498.3536442046612,88.11137677153584,351.4187043774097,23,0.1225,0.0202,-0.1195,0.1195,3
0.32176539488726036,0.6959751316397227,0.7377040707983529,0.24520157083034827,-0.0022814045842742318,0.764674299237233,0.6715875781592886,-0.0041963821176093045,0.7419828994181517,0.7421775334135,0.7427102597838492,0.7402302331975498,-3.23409041991878e-06,0.7428232844685281,0.7403816802397217,0.7420272488484223,0.7420272486409347,426.14254228007866,456.02856672558397,392.5992719002024,473.19899755683434,475.75119476437106,473.3038353246317,30.7062957737831,129.9230972576767,35,0.41374,0.02378,-0.36547,0.0,2
-0.7237266142900234,0.5297880325157083,1.0918314556561373,-0.7450281529904332,-0.020320616373518657,1.1414027066808983,0.47273091486073815,-0.03752635023790077,1.0848527071904706,1.086593211692342,1.0917348575349968,1.083480807455656,-2.510426326318566e-05,1.0927455749698118,1.0848351148479687,1.0852492996917107,1.0852492978362638,424.0217261664597,455.6781177805912,390.30111367042207,492.67556653531244,497.22161888240004,492.9017788736606,46.83612447829707,187.54250672392087,24,1.13253,0.0489,-1.17536,0.0,2
6.122312643765959,6.044747766075702,5.506620669568532,6.112035279462361,0.02096326705035043,5.508038636945315,6.029533518608541,0.03789645641218933,5.437897314547807,5.436169944208043,5.507808237943594,5.412078481749582,0.0006829773174273566,5.506805147565543,5.410734394206062,5.437503714805388,5.437503716646834,481.69617654899923,481.2089640462278,481.77644615497866,531.5038770166683,530.4956402879884,517.9897073654444,251.67284347266394,958.1823784308255,13,0.0936,0.0936,0.0,0.0,0
4.955678474241136,4.963726677818555,5.262063600889973,4.929867411290539,-0.0013350626388431348,5.261916471281131,4.938427870439312,-0.0030920660565919404,5.195627634950595,5.195806868497557,5.267129270695027,5.170851503171058,0.0008087600146884979,5.267233352282075,5.1709909669399465,5.195668475224561,5.195668475033491,475.31540352853773,476.12338931637646,473.973605293854,526.6216829786097,529.8674846111422,516.7396622262888,241.14745293657975,912.2456828889831,12,0.259665785,0.259665785,3.01981e-14,9.76996e-15,1
5.576325220422555,5.763060890844157,5.049138782641901,5.582183250415317,0.021111850072695067,5.157509755042483,5.690897492095043,0.03866771881037298,5.023825768884275,5.022033827731763,5.053870743498069,5.012361374909867,8.526303969041797e-05,5.052830156609004,5.010967044043829,5.023417455993969,5.023417457904249,446.7848123044233,459.14247300361166,444.48593013443,523.123262618085,520.0682773802075,514.2715631348541,228.68255722577274,886.5349115435259,20,0.1921,0.1047,-0.2672,0.0,2
2.4810658909070558,3.2342582094144103,2.9129618492937253,2.3378594436697466,0.009457382278168787,2.970714623190428,3.2002790240922825,0.017170496645264398,2.8900892052710776,2.8892939949677947,2.916808556960264,2.8812281047491948,8.674047811126537e-05,2.9163467753808385,2.8806093420909993,2.8899080081280353,2.889908008975761,428.2178842288318,458.1721332133394,396.62409644344274,513.2054977369102,512.9813959137366,504.56546724704344,129.59737758213086,508.6568798034292,22,0.8969,0.0536,-0.7889,0.0,2
2.016554728524313,2.0945397549116493,2.0433477001632387,2.0146330386734657,0.0011052085499574024,2.0642247543049423,2.0774497885820287,0.0020248364889666995,2.081662733401509,1.9994688659112454,2.0842122341316167,2.0440965004848106,2.5329410010221913e-06,2.0435577249310546,1.9968234610667424,2.043741344693402,2.0437413447934687,426.83792531146236,456.70232385632465,393.73184408328336,492.0598496271499,492.1610564137855,491.41084631523694,88.45277233799659,358.9661962330212,33,0.0667,0.0202,-0.0822,0.0821,3
-2.1061605946050395,-0.79025752103026,0.35746174549697396,-2.3768990621058212,-0.0392622661315558,0.3834645959844225,-0.833521342405632,-0.0721546458930387,0.3602257775103985,0.3635723598539552,0.3591709676821303,0.3617771265670471,-5.778046162476542e-05,0.36111434049043917,0.36438114235786406,0.36098833196562097,0.3609883283980312,421.33961553510056,453.978451599199,386.0542488502309,473.0862237183507,481.3536387114891,480.9506951249048,13.939844606038484,57.90078270014689,28,1.3801,0.02531,-1.16563,0.0,2
5.420080133211339,5.288419720678756,4.532759688841633,5.4322944844138075,0.03475374311065532,4.535166579374362,5.292254092523358,0.063496529320864,4.484912933410652,4.481980855151751,4.539453839794369,4.470220346504883,0.0003522625250708365,4.537751171048999,4.467938861305275,4.484244828128949,4.48424483125466,431.52106230925125,460.12412306102163,401.8969030149399,529.4083738813405,525.0021453757913,513.7744073097036,205.06868439365905,792.416803745065,17,0.286988727,0.286988727,2.57572e-14,1.77636e-14,1
4.938160228060511,4.076388943255283,5.218453162118006,6.380562080077314,0.0381615086015604,5.221001005389673,6.232320618578415,0.06888587198640267,5.149750245521071,5.146646458388936,5.220587018046985,5.122860212805869,0.0007849604911733048,5.218784637320575,5.120445118876094,5.149043014542509,5.14904301785127,446.6518989575363,460.04274591281927,445.2360692677945,525.2493265220179,531.6208371344699,516.7919213770316,237.86798734036128,1140.8700310548923,13,0.0939,0.0939,0.0,0.0,4
2.7102279886655003,2.6937395533873754,2.5962788736770275,2.7057726379800444,0.004415648698647544,2.596580299580282,2.6882347395822435,0.00801523919835628,2.5647376817738317,2.564370484211008,2.5965313222706907,2.556978587112603,0.00010454482482641039,2.596318089280849,2.556692866292441,2.56465401189551,2.564654012286957,427.45778352989004,457.7711590651629,395.5869442689627,511.97385450463827,512.9362009927773,502.41802296832464,115.3681296772762,450.69150706776963,21,0.0391,0.0391,0.0,0.0,0
3.5772387677610813,3.8046920149965615,3.6138244639100243,3.5697097805382287,0.005861277924860546,3.6554275016909767,3.7897597864385126,0.0106263047804699,3.680703096451495,3.430712115121444,3.697862013934412,3.6144566599435812,3.168369065484566e-05,3.6140768992507573,3.4207746214920522,3.588091221122509,3.588091221645915,427.70604082896506,457.8729072306743,395.872678809829,514.5560813935972,514.676277772255,508.50826146304445,161.9810284640486,631.2843448665285,22,0.2428,0.0405,-0.2495,0.2495,3
3.948140073909,4.953623233153404,4.17287573102945,3.9585646315852743,0.02051436696953014,4.344603788870411,4.795875776080205,0.03750995539466212,4.176054344655041,4.174314682094157,4.181971750315544,4.170626838463556,3.238971532328478e-05,4.180961521798991,4.169273186195605,4.1756579439990285,4.175657945853578,429.89685732829224,458.9810541239895,398.61680681263624,510.7618336691627,507.2275643904598,506.3176753675623,185.35370676338405,736.4398575515902,28,0.9183,0.1682,-1.0836,0.0,2
3.66197967259848,3.701499664023064,4.15163319214198,3.636609187994203,-0.010344411977462376,4.150910725218297,3.6786445650688133,-0.018972021770686798,4.1547512180774735,4.155631328548185,4.1582380955480875,4.150218872171574,-1.2386012298046455e-05,4.158749178970368,4.150903696666571,4.154951760628539,4.154951759690307,425.36118473640715,456.06844248716607,391.74747023741827,498.6705233694836,500.7139101483419,500.68859639089527,183.1757641809232,728.5647580723659,31,0.158869876,0.158869876,1.33227e-14,1.24345e-14,1
2.151625292762107,2.278496815147036,2.0330024476474367,2.129150259372318,0.009264631721532501,2.0474989304653044,2.2676450301837603,0.0158402950538589,2.0460188212534085,1.8856921848408683,2.059702010713813,2.0335061064802065,7.235558646578955e-05,2.033280050247675,1.862740701987447,2.00075324940224,2.0007532501768632,427.39251358215415,457.62468700785587,396.19472522885326,517.7937511928387,523.8848756248398,500.3310166224296,90.77484312311334,350.2204961813341,12,0.1979,0.0386,-0.1595,0.1596,3
3.877654835703752,3.8669961488598696,3.7876669243344705,3.874223000847731,0.002793646070211019,3.7878617763174045,3.862885905255041,0.005120544120598518,3.783604939893688,3.783367570867097,3.7878301157142857,3.778037452269157,6.801511135730349e-06,3.7876922746380908,3.7778527525875005,3.7835508528310737,3.783550853084119,427.15935634105574,457.0334655357812,394.25627970360244,500.00296221791876,499.72026046871343,499.20386616366136,166.26530102431042,664.9720524604071,32,0.0095,0.0095,0.0,0.0,0
1.4226923754033902,1.735436786357266,1.4544230229222397,1.3642007638897677,0.0082422342698009,1.4905980641059955,1.7078430757933252,0.015103758284830413,1.4562352132722907,1.4555346970959475,1.4579046283070802,1.4541409289420812,1.2298253614288407e-05,1.4574978359592072,1.4535958489178493,1.4560755931953324,1.4560755939421106,427.64856816052566,456.9089963142299,394.81021064346083,485.4430955717984,484.2695376187992,483.0440850935134,61.97051226306685,256.67336841780815,35,0.3737,0.0322,-0.3442,0.0,2
1.6520384462107358,1.6908060479543872,3.0529168840884586,1.452761183087079,-0.008886349473417135,3.0522081716378553,1.493996282054206,-0.017349705066538355,3.003093491517227,3.003956846264761,3.055415704066534,2.9740589557702752,0.0008025830506703971,3.055917057378074,2.9747307424364497,3.0032902160981823,3.003290215177812,424.5183390373725,455.8768346654984,392.15025403537555,552.7031368894723,529.8036999831019,507.2651760020004,138.05693070578278,522.9157319792886,10,1.250782107,1.250782107,1.24345e-14,7.54952e-15,1
0.6898983823302622,0.7749518277644374,1.6918687353188746,0.626017555467576,-0.022266886058043632,1.6903138690636832,0.7164845196910635,-0.04083490473223034,1.6931771324124412,1.6950712732054491,1.6945818641349346,1.6925552704701332,-3.204277032687286e-05,1.6956817987351778,1.694029124100097,1.6936087325800893,1.69360873056086,423.65513573970645,455.0710717105392,389.2428933361621,488.01834824502026,492.3413799810527,491.5042709251435,73.18261990747652,294.3243627633361,31,0.299349604,0.299349604,9.99201e-15,5.77316e-15,1
3.180863690031533,3.9292063362068905,4.808053937092564,3.094894510045223,-0.029428072612431435,4.873458149190805,3.8972339813633914,-0.05469592004882036,4.745145049546814,4.747698142036256,4.812498684134195,4.722646512030797,0.0006177649887603471,4.8139812744343065,4.724633103865515,4.745726798881674,4.745726796159976,454.42460523175833,456.88889265584686,451.1840959421783,518.0664089498516,526.2333656988394,514.4550471509904,219.90870361395568,829.521625099539,13,0.68,0.0671,-0.6337,0.0,2
1.3665770872354421,3.097528861058631,3.4341481953266157,0.9547084587514528,-0.014539888241619054,3.5394216819638578,2.991434205164386,-0.026958812646111965,3.4360479228996086,3.4372984232744646,3.4424884754020595,3.429330276171504,-1.1817457747855783e-05,3.443214645618655,3.4303033054856695,3.43633286273799,3.436332861404907,424.87612292149396,456.11006387815786,391.331378878468,503.73863046317575,506.98694871619756,505.8794068990392,152.70831445206443,601.8063825982425,26,1.9734,0.1027,-1.6748,0.0,2
1.282665208254021,1.3673983537030165,1.4952298535167756,1.2747415605806538,-0.004101962967661502,1.5074404069993945,1.3613824609764893,-0.0075737971370572876,1.5070733825943037,1.4385259868482936,1.5208874378336352,1.4963221802143984,1.530733367779118e-05,1.4953921964347845,1.434196545806229,1.47755372723167,1.4775537268557801,426.2467686642334,457.06319425934043,393.80909986409256,503.5212075835508,506.0179552860786,495.9214366333666,65.61912714184955,258.6141718075858,21,0.0778,0.0205,-0.0689,0.0689,3
2.8689441815561034,4.023048305730079,3.9473964564264765,2.858090894360356,-0.0013187682821956975,4.07399217904949,3.9042580771174933,-0.002734735697778906,3.9124761119437563,3.912603142826881,3.949809122601192,3.9022657449559572,0.0001079250270955678,3.9498828899072786,3.9023645892070826,3.912505057284385,3.912505057148965,426.576279661612,457.2550581168257,394.366245380973,515.9277464731746,517.4467733469295,509.8776566760472,177.37102355265134,687.339146458744,20,1.0379,0.1245,-1.1484,0.0,2
4.7348079172097846,4.60399104438481,4.973353558878385,6.1338751023434765,0.034263176697910534,4.975745028619874,5.994731940143839,0.06282180974461875,3.580508758261469,3.577595465637441,4.975356449693374,4.953364514097306,5.9498927157897723e-05,4.973664689836013,4.951097646225118,4.963556309081414,4.9635563121871,438.5314056276286,460.05538405252327,429.7655653214489,513.6758384791109,507.8660474196778,505.99843997938666,159.1605405440111,925.6061906030411,29,0.0184,0.0184,0.0,0.0,5
2.766586910880312,2.686648918404472,2.0926466325544872,2.766747750820076,0.02114418023714643,2.0941079829603875,2.6817218301358148,0.03859544431576778,2.0612317415487933,2.0594515219270395,2.093870534849665,2.0453756182884324,0.00024341050278142479,2.0928367546970876,2.0439904080858224,2.0608260995341996,2.0608261014319846,429.43509167067947,458.8709442313107,398.9769790295705,518.5770681772769,520.10690687747,500.4239650627886,93.08651963213399,363.289386393561,15,0.0463,0.0463,0.0,0.0,0
0.5455552225412981,0.5922017334101443,1.133573333446497,0.5253668503010313,-0.012124405253594294,1.1327205862673304,0.5749823386375781,-0.02230780559060604,1.1152934847460354,1.1163323028519587,1.1356083362370337,1.106396537973864,7.860911063346614e-05,1.1362115817731004,1.1072048547800586,1.1155301905233077,1.1155301894158864,424.6001717374341,456.0486162703761,391.95141104887375,505.8080864809057,513.3607013759046,495.01890532107586,49.92524259740587,193.24038715726377,14,0.187828168,0.187828168,6.21725e-15,5.32907e-15,1
1.3938659669866953,1.278835982250682,1.2380020559612483,1.5195244026138899,0.008835949918857246,1.2386149181608175,1.4838661699541789,0.016167212677466337,1.2228216251793236,1.222075035375332,1.2385153369988775,1.216994831289804,4.330036210231558e-05,1.2380817895241436,1.2164139008242503,1.222651506735248,1.2226515075311422,427.9960837303585,458.07431226938553,396.53400827388293,492.31699176278096,506.60423146639187,495.15395071007697,54.23763967525146,295.3222574404355,19,0.0206,0.0206,0.0,0.0,4
1.1095968613961689,1.1932718250527283,1.2873831448187536,1.1042563834334111,-0.0033089222743120455,1.3005514331793866,1.187338088704709,-0.006080013739415429,1.3080379379524179,1.237420209476978,1.3148890829386626,1.2884371087869624,-6.073836161808807e-07,1.28755299906236,1.234856747639916,1.2787022565277701,1.2787022562268575,426.4750984306943,457.1123703797261,393.9028152487654,498.0783851744754,499.61618174121884,494.17702736360053,56.119370255656676,224.08739696012964,24,0.0689,0.0127,-0.071,0.0709,3
4.311091519697944,4.316255309963557,4.505391981472714,4.291014051116097,-0.001346546283860352,4.505297581966711,4.296506508556617,-0.002473853397546728,4.508783812159446,4.508898809802854,4.514525156508557,4.502069830515707,2.570540039043293e-06,4.514591936067604,4.502159311558932,4.508810015598154,4.508810015475562,429.4147941232929,457.22805437208706,412.02589457834176,508.66404052746833,509.1791487237878,508.634556802535,201.88986993155333,792.5912008232139,26,0.167841857,0.167841857,0.0,1.68754e-14,1
3.403196419508513,3.379611185790289,3.247701412730761,3.383251518367943,0.00678096467650326,3.2481325755583463,3.358165121407804,0.011929857327230434,3.195085532459786,3.1945602891487095,3.2480625178922238,3.170414920692378,0.0006143157051174292,3.2477575071488136,3.170006222583187,3.194965850173256,3.1949658507331864,427.1436841515858,457.506605779605,395.76730275748287,523.0418775792408,527.1595136999725,508.0104705930883,146.67067208593696,560.0020137616931,13,0.077,0.077,0.0,0.0,0
2.0541994324739594,2.372159136133977,1.938393713104937,1.9957580198600573,0.013135630391618563,1.9824103303496161,2.340326372070964,0.02407555007597133,1.9402725448346432,1.9391559201031434,1.9434613934265306,1.9376846542389032,1.9830213893270403e-05,1.9428129652937343,1.9368157951657534,1.9400181099884617,1.940018111178828,428.71864092257096,458.028262039283,396.6779605731278,496.7179803516838,494.63318485248516,493.5638129007517,84.24681818471197,342.3893900284568,31,0.3945,0.0397,-0.3681,0.0,2
3.631131514969371,4.020655328254662,3.9601741598337354,3.623557561963,-0.00222673565401051,4.08991833558023,3.8945239026337597,-0.004091159432684968,3.9622437585719807,3.962433583950285,3.9668436547469743,3.957277699390395,-9.800020884909343e-07,3.9669538870498595,3.957425404790071,3.962287012307607,3.9622870121052456,426.6506324329334,457.08329626578796,393.8511487428368,504.9138458909412,505.50585937638994,505.1769523423305,176.120104998677,696.0238209980338,28,0.2598,0.1278,-0.381,0.0,2
5.282262388385321,4.168956422472326,5.680614139736828,6.359569330936717,0.020273844956762425,5.68202833523959,6.277287029467927,0.03716755440843261,5.672690048824693,5.670967273388463,5.681798549112342,5.661474458191164,3.917792186222411e-05,5.680798127011855,5.6601339459971,5.672297496080017,5.672297497916565,503.04844595377756,503.8144447050535,500.7250971650936,499.5737836794584,505.57118298934006,504.4467288800485,251.51009242166396,1303.7848761076195,30,0.0182,0.0182,0.0,0.0,4
3.225620620402572,4.630375316489906,5.012958542582099,3.1729744718771626,-0.012782314054086882,5.1062045542228764,4.555398799205977,-0.027621311435761232,5.159952909792117,3.814136880255747,5.166775811946971,5.014658879564203,-1.5405789065100998e-05,5.013021418368549,3.777957952355187,4.967345476146953,4.967345474778189,464.49981190071895,466.217144198954,461.98871083197537,518.5852795295924,522.7044809657092,515.0377110854317,228.16259177887022,871.105301081289,16,1.3204,0.0936,-1.3471,1.3471,3
3.113292683221704,3.1752629633512597,3.0792057823309777,3.1087248067554296,0.003347255320845032,3.0979366668664463,3.1703912249664774,0.006098749614468945,3.0961508278296086,3.021169563884465,3.116699151499481,3.079952367943267,3.6859973601674305e-05,3.0794358204808967,3.014433513099922,3.0587867388419654,3.0587867391418038,427.383206389295,457.70663861031926,395.3146961225787,511.34850356179163,511.70284085363267,505.7123195083077,137.45264084946882,537.8914977685207,23,0.0843,0.0277,-0.0746,0.0747,3
2.6700466800852665,2.2083993435179723,1.2940457389688487,2.8332950750603128,0.04484037301464317,1.297176215531855,2.6511541929861084,0.0822249946454732,1.2917464939397119,1.287932941912489,1.2966675587835859,1.287985650996821,6.670655385564376e-05,1.2944530149439442,1.2850182805040224,1.290877535465052,1.29087753953045,433.36602742317194,461.1408388522832,404.0191233974606,490.717779603235,497.27934649799823,493.22200162876976,56.673293398728966,294.7269030701489,24,0.00398,0.00398,0.0,0.0,4
1.3224684680217262,1.4567723600766602,1.2540745760318237,1.312150278179837,0.007047070354481331,1.2671479840657847,1.4543059234622264,0.012465799984879386,1.2710669377870292,1.1102902312916192,1.2769710621702481,1.2546600135882202,1.66049400216427e-05,1.2543361665643735,1.0978112713591204,1.2355355290654486,1.2355355296802408,427.4102672635008,457.6872226611585,396.0044120981192,509.31078866495386,512.7194357016604,495.52382980114044,55.19348516803986,217.07998781736703,15,0.1753,0.0182,-0.1602,0.1602,3
6.095218853518841,5.995252121720054,5.359904484218538,6.093980248742156,0.026183980536693314,5.361731981001559,5.987650790799397,0.04800771893273334,5.365386882253289,6.453616186474193,5.373046290448919,5.35511291198393,4.545657269312852e-05,5.371753493118753,5.353380632594363,5.364879605234901,5.364879607608182,471.2946463039268,471.60067663875435,469.54802656871755,457.40398134111183,505.9137275431237,504.7414746835503,237.7991598833559,946.6323705798978,30,0.166824336,0.166824336,5.77316e-14,1.95399e-14,1
0.5932473450478386,0.5754038105044591,0.6885956230654808,0.8461115407615789,0.0046726674898956416,0.6889218216056249,0.8271322931494902,0.008568089726157467,0.4357999418856668,0.4354025662532332,0.688868819104127,0.6850888759836261,7.25627318190362e-06,0.6886380615970712,0.6847796732461721,0.6868987180226533,0.6868987184462715,427.5085559648312,457.33084086186386,394.9014813303495,478.68704014537514,480.03547531113753,476.66758484572836,18.43166354310298,130.37425599781625,31,0.00329,0.00329,0.0,0.0,5
2.8168282581169297,2.7690380051111187,2.7060934132034684,2.805979297486762,0.012858521397100012,2.706967069189378,2.7551472696148966,0.02329161209349947,2.666889442205403,2.6658251529545156,2.709743735843769,2.647066857533463,0.0004015069065385529,2.7091256991191295,2.6462387213244014,2.666646932556276,2.6666469336908505,428.22603613480766,458.1690523062048,397.2038691407635,520.119641237565,522.9883084774231,503.7868027571664,121.18726254411334,468.29314441087985,15,0.330799835,0.330799835,5.77316e-15,3.55271e-15,1
3.2305900327246175,3.22182393620924,4.878620642044025,4.909920696172366,0.002387776811330738,4.878780895489279,4.900596651322823,0.004301503444818262,3.1532399354745584,3.153044714447115,4.878754856643524,4.830814159450324,9.577323377648011e-05,4.878641491067126,4.8306622556314505,4.842307424247876,4.842307424455989,443.6784453592642,457.53201065287385,440.1221780151779,519.472815115831,519.9893746877062,513.4465451983779,144.01942793262256,949.0877177059513,19,0.0477,0.0477,0.0,0.0,5
5.534535796861041,5.532724487088155,5.528646739684505,5.525070261773291,0.00048508618239901475,5.528679852328317,5.523143664966015,0.0008805132402448703,5.518553199950665,5.51851286207003,5.528674472007017,5.508724737535398,1.1497000232070236e-05,5.52865104764977,5.508693350147501,5.5185440085346364,5.5185440085776385,501.98786558738556,504.5196745314678,497.2896308618814,497.86455771033695,498.0991298706303,497.3961476193117,241.72972762710808,969.8449377812434,34,0.0199,0.0199,0.0,0.0,0
1.624413449015069,2.250714236163513,3.153723394863759,2.7820741713414003,-0.008977363303989532,3.1530749789872474,2.8198010277230665,-0.01654228978188664,3.1148968891347444,3.1156867904902037,3.15318033710274,3.1021542436621625,0.0001877212554604131,3.1536390357564286,3.1027688753644918,3.115076876577441,3.115076875735375,425.4110476946289,456.5630884297946,392.7390161702828,520.0525815780376,517.0737540455134,506.4279740925717,141.48890896377614,618.1530429926427,19,0.052,0.052,0.0,0.0,4
2.6271706213158192,2.588590773629887,2.2925129763750003,2.631894529972452,0.010103270620878792,2.2932182564843604,2.5908591353151955,0.0185256376234486,2.2867505762975595,2.2858914028341335,2.2931036587610345,2.2837443433592712,1.609570071494762e-05,2.292604733536721,2.2830758102003252,2.2865548044667525,2.2865548053826656,428.4154976523853,458.1150445108556,396.4420795767461,502.7730069924213,501.25344355089624,498.2069291269196,100.73508262454382,402.9966847153467,28,0.0083,0.0083,0.0,0.0,0
1.1816841984526112,1.2215638610350934,1.7394096495740112,1.160514572265877,-0.010239840361386452,1.7386806074840477,1.2029325130051072,-0.018945969969326643,1.7109348026966769,1.7118229230464554,1.741524314182386,1.6968813845627764,0.00020983312460587524,1.7420400489712187,1.6975724416405806,1.7111371703840583,1.711137169437287,424.85370479008867,456.19683062911395,392.3236155714811,510.70680188783194,518.4236624434047,498.2119419671322,77.32977144478222,297.39697906808874,14,0.219499593,0.219499593,7.10543e-15,6.88338e-15,1
2.667557494107745,2.6145762556865018,2.4618196494360776,2.633691086742369,0.013878520071641682,2.462788202083874,2.5773376753514086,0.025444854855204743,2.4585275177462327,2.4573476252157715,2.4659981284158436,2.4548694433810527,2.2367701316747888e-05,2.4653129604369832,2.453951354876013,2.4582586666577426,2.4582586679155547,428.9539870508724,458.4269842107068,397.2309025281516,504.48190812952316,502.3604291526428,499.27547943707935,108.35152773912986,433.7146295511013,28,0.305595437,0.305595437,1.28786e-14,1.06581e-14,1
2.6722451167167907,2.593574531353876,2.5608351661505435,3.2636144126231237,0.020600693380282357,2.562273347024141,3.1799365675324656,0.03777526979715794,1.9780732674945416,1.9763212730375856,2.562039663624229,2.553679547197148,3.130279876466285e-05,2.5610222739297805,2.5523162993332122,2.5570165441665793,2.557016546034275,429.5276048578422,458.1831832242555,397.60726546378197,497.47991283233586,493.9795269797258,492.935669087579,85.95708019515669,509.3762270355059,34,0.0062,0.0062,0.0,0.0,5
3.8412689089164576,3.8065923290711314,5.328330509440911,5.617935816673251,0.009089441318426083,5.32896443371725,5.581052126750449,0.016659685872754605,3.5352904362142534,3.5345181885514836,5.328861430275262,5.305009289784463,2.2823705511554236e-05,5.328412983186549,5.304408394631787,5.31247822300273,5.312478223825976,479.4692512351843,480.01954818930574,478.0473808294999,518.9345923278865,517.6291209419618,514.5605825190144,160.67711014072376,1059.9463328582844,21,0.0229,0.0229,0.0,0.0,5
-0.05921925480131915,2.7621064992318813,3.2728330804271293,2.697613178801938,-0.0011899741847884462,3.2727365718041193,2.703228351242626,-0.0023424681104152415,3.234780147625812,3.234897714599247,3.2762963880466947,3.2204248049017665,0.00020192455445857085,3.276364659625241,3.22051628517145,3.2348069365137504,3.2348069363884195,426.5408041100319,457.22059659422763,394.4018145690542,555.3948893971792,517.9144317382182,507.30213932426983,146.7015180371638,567.5373823285629,19,0.527644097,0.527644097,1.19904e-14,1.33227e-14,1
1.387434338512603,1.347406037632371,1.6149689083291332,1.9658039208465619,0.010484833866235008,1.615700667683191,1.9232278812143813,0.019223412702707,1.0342334627968153,1.0333420322711617,1.6155817674690993,1.6045826808170724,1.8943072086582724e-05,1.61506411044883,1.6038890480517867,1.6071085523975839,1.6071085533478842,428.47976784310754,458.2067711115161,396.6017515590338,499.432612270388,498.0447346016902,494.527838638524,45.327240566937014,311.13936860298264,27,0.0099,0.0099,0.0,0.0,5
-0.08685994022270238,4.1614047825936336,4.1255701152610715,-0.18869520494107497,0.011504265776422518,4.220248514786298,4.074899889630088,-0.0031864119099317013,4.062046391047543,4.062194524958708,4.127468273088538,4.033250914359829,0.0007914103868316432,4.1275542950014605,4.033366179129743,4.0620801449380295,4.062080144780113,425.8207753324066,456.6743021242739,393.98412283911455,525.4125832863042,530.3263022972835,512.4739773767184,186.10653472852943,710.8971116912127,11,4.25432,0.0926,-4.241613,0.0,2
1.0542309252197635,1.7148757043947611,1.1380443268000522,0.9142553160744731,0.018231239401483815,1.1729049551898691,1.6938861966411227,0.033373542978171175,1.1398922259903455,1.1383443442623378,1.142368496622934,1.136890040386345,2.7118924838645262e-05,1.1414696359490049,1.1356856150806867,1.139539524641125,1.1395395262912285,429.0741998493347,457.7424270923028,396.9031257622033,482.3096413910093,479.6415268728326,478.03336015490635,48.06612958998125,202.42271860275457,35,0.85017,0.0302,-0.73015,0.0,2
0.25269106952084835,0.41644711036298987,1.1994548425028793,0.2302522897837311,-0.026118313122461247,1.2099293692667288,0.4009640114635601,-0.04792738657445249,1.212498693261472,1.1509224879522322,1.2232259820225388,1.2015678031640915,-2.3725058309978015e-05,1.199417347866743,1.1482981644389079,1.1851054085832102,1.185105406212557,423.13862513017557,455.2027752116502,389.16743127316425,495.8232343054763,501.9528019225109,494.1385029236873,52.27917767222835,204.41926441523802,22,0.0693,0.0171,-0.0639,0.0638,3
2.3350528857471793,2.453653219441145,2.497222799046254,2.330420199057052,-0.002171528174670189,2.5214710602342434,2.431948836009991,-0.003984444121131078,2.5449931948528213,2.434878043339147,2.547595715576377,2.49822362397543,-2.246006126150089e-06,2.497403057779588,2.432167456795868,2.4954353145505657,2.49543531435351,426.6290056962818,457.0081913136761,393.72344120911174,499.7392138344146,500.41068722396625,498.5601784383663,109.84474741443086,438.12806951083604,29,0.092,0.0237,-0.1103,0.1103,3
3.6982092667503856,3.9274223161658117,4.823401525475421,3.654668820028891,-0.02799224736673624,4.848597683881532,3.8925585686189956,-0.05203331347524397,4.816010576624772,4.698851659961067,4.876323278891965,4.797033005431718,0.0004989504004504781,4.823340825060432,4.677632441603264,4.757866803480281,4.75786680087799,454.61305258821534,457.00905983868284,451.46074826725766,518.4422774841648,526.2720204819609,514.4976531642404,220.72330197212108,831.8678258380877,13,0.1809,0.0868,-0.1196,0.1196,3
0.8748004986781803,0.9540693259845596,2.1215961584021303,1.4002255560583659,-0.02075426128875397,2.1201470410378884,1.4845397202566168,-0.03805943991135126,1.5742511025234112,1.5760164198324098,2.1203825014578976,2.115559044256328,-2.8453004983207457e-05,2.1214076277820566,2.1169326587909554,2.1181156824341203,2.118115680552222,423.60998040035065,454.7237130155999,388.9198283148011,486.38894807162376,490.46754915147835,490.3656948398794,67.82805946232844,392.5377405365367,34,0.007,0.007,0.0,0.0,5
6.111064805326215,6.553443027528072,5.708895600629975,6.041140178413112,0.02508096839956362,5.812345495198332,6.47322585915458,0.045966430837741365,5.718037004497598,5.715905279872204,5.726861162872873,5.70873285924837,4.339417510256618e-05,5.725623262457911,5.707074138793787,5.717551268321546,5.717551270594049,503.72647359667553,504.21666879859566,501.73516411803627,510.1924662630297,505.8178852606066,504.7818158788571,253.31494969903713,1008.6521891286218,30,0.5304,0.0982,-0.5381,0.0,2
0.7563081213046865,0.6892731297466022,1.209865228750116,1.45762752967218,0.017558172103744468,1.2110906936374708,1.38632616355703,0.032192520773282274,1.2125921215556008,1.2110992580853261,1.215205775480468,1.2099145108433815,2.6117574645551813e-05,1.2143388641133428,1.2087528959028098,1.2122519567027956,1.2122519582942475,429.48053568172537,458.73480579989035,398.0039095166498,566.4401595379143,491.8205379625414,490.26591109494916,52.41886389687367,215.2702781699927,28,0.356354462,0.356354462,5.55112e-15,3.10862e-15,1
3.6836597233216737,4.193756367880915,4.3660396906524905,3.6008883576990964,-0.008313858661420535,4.447058414615981,4.1169088089587,-0.015264734509534292,4.370026283884672,4.370734395369551,4.375852863487463,4.364625927465844,-8.615493325656192e-06,4.376264066459239,4.3651769174905874,4.3701876346336315,4.370187633878757,426.8386532783054,456.62353328071293,403.9310296417571,505.31345118213204,507.0630945315343,506.79099151356144,194.9538805814004,767.1675363833211,27,0.4786,0.078,-0.4783,0.0,2
0.36482313782952963,0.6503475176524869,1.2741777834647419,0.3290017422400764,-0.02038823638686601,1.2880203381223458,0.6333004541601603,-0.03822982668472129,1.29459343634707,1.0906688988136293,1.300157151717248,1.276046202957937,-2.085830366183661e-05,1.2741881693721187,1.0744277115611318,1.25149799439315,1.2514979925004366,423.4529119013091,455.3737346933247,390.1947707070201,504.59762124986605,513.4077078138421,495.82911859656735,56.15103478628702,215.81025940070032,15,0.2267,0.0225,-0.2058,0.2057,3
-0.7036156441150423,-0.5344027747921938,0.8094848167937454,-0.7423614135228442,-0.04424159642129134,0.8063914279355854,-0.562378409694608,-0.08118245991553966,0.7894812976221722,0.7932496693424498,0.8068940584731584,0.7846402613329893,1.1861188998277329e-06,0.8090823659405926,0.7875724764880009,0.7903399612823581,0.7903399572651241,420.17998519873004,453.49359847266714,385.3124678128377,495.3337973592912,507.38448078142096,492.867284923914,35.168410855335786,132.06576770926722,16,0.0269,0.0269,0.0,0.0,0
2.161770798724388,2.182795669111405,2.5749335407667475,2.135291697230703,-0.005109540004036692,2.574549184068231,2.157654767737679,-0.009699479705781179,2.5340927548984533,2.53456097890119,2.5775597244215733,2.51046789983244,0.00043495053432794325,2.577831623840653,2.510832230535109,2.5341994447278595,2.5341994442287143,425.5601477399678,456.609819356498,393.3607183993593,516.2263889370995,523.2553072348927,502.7688311778887,115.49436660192332,442.1923416956843,14,0.25016573,0.25016573,8.88178e-15,9.76996e-15,1
6.010055400298233,5.2596197647290275,5.6976597493969505,7.066311118937182,0.04263060086118015,5.700591881083076,6.8957105599106,0.07816452500310161,5.637831807346111,5.634259879395,5.700115452482208,5.618911454391398,0.00044629951950908066,5.698041220641837,5.616132094485233,5.637017905492449,5.637017909300266,484.9395122668676,483.2331882405041,486.3123341121873,534.0416243069806,529.1049584069458,518.4953772781824,259.6059240651679,1315.5123228715668,15,0.0768,0.0768,0.0,0.0,4
3.1773354680127435,4.7212751067852645,4.3038016331226805,2.815711174511172,0.010309722273778311,4.42081204131401,4.616177412064135,0.01866097819090612,4.304940233532382,4.30407481303053,4.310996610352214,4.298629592682745,1.9473643600523483e-05,4.3104940574494615,4.297956198628401,4.304743038247288,4.304743039169861,428.43600784592127,458.25118881786364,396.6975091881423,512.7522969697496,511.20950350748404,509.80097855093635,192.52501400075764,758.1275383622223,25,1.8383,0.1128,-1.5828,0.0,2
5.077817946268591,4.885077117535814,2.632526643294711,5.127039540654721,0.07520738872449008,2.655975879028845,4.91552264722417,0.13788560642604888,2.660050767498592,2.559256139341385,2.674722954841207,2.62993871681031,0.00012018309580253271,2.633409570497358,2.552762980077033,2.6181936833183217,2.618193690135249,437.73850265703703,463.68946965105965,410.3541444783354,522.2457136855281,509.6231264056442,501.5050938933443,116.30214704249946,469.94513647837584,25,0.0932,0.0175,-0.0944,0.0944,3
2.1087875683952118,2.0680789568448796,2.0006127933310176,2.068129161012284,0.010663541851470563,2.0013569894781837,2.0248295099997686,0.019550639318342472,2.0023697367600395,2.001463155711258,2.005251420466742,1.9997716850216618,1.6351040724096665e-05,2.004724965481368,1.99906626345293,2.002163162605634,2.0021631635720856,428.36714911026553,457.8257361870251,396.16041916023954,496.6665839580619,495.0582278077849,493.3197408348791,87.05001995010986,352.9897081303926,31,0.299349604,0.299349604,9.99201e-15,5.77316e-15,1
4.243155623220322,4.411757943958233,5.039893989497803,4.218373547877428,-0.021802659782463166,5.071471135640052,4.378377931056265,-0.03998917040358986,5.0868968811998165,5.003452024434245,5.09501857716398,5.041705870573707,-2.3185111585796493e-05,5.039895865736977,4.995049379736413,5.042219595358103,5.042219593380446,475.0488547314872,478.6453642613064,469.16796652561857,493.42157822908706,497.59041326863456,497.6274683275938,221.27450610898757,883.1412254765455,33,0.0708,0.0325,-0.0853,0.0853,3
3.0067908786044715,3.012747902900544,3.0864755902301053,2.997390892484878,-0.001492929441730568,3.086366689573442,3.003727072061381,-0.002793407485946397,3.0593543437470063,3.0594870067175246,3.086384384340608,3.0511479507610066,6.460770997928517e-05,3.0864614222207822,3.051251177406767,3.059384572418775,3.0593845722773514,426.6568040790292,457.2595186480929,394.3323346421742,511.4303553782752,513.0213099252618,505.78400587251514,137.86313702432926,537.2211738892591,22,0.0354,0.0354,0.0,0.0,0
4.126354565630687,4.108023976413136,4.192215042350911,4.104980522344586,0.0048079459461158065,4.192550144761715,4.085483219790006,0.008809697094030764,4.1851873587235096,4.184779136380258,4.197889894511198,4.178677108970407,1.2830074033935699e-05,4.197652838278846,4.178359466277395,4.185094340911721,4.185094341346902,427.6345689768491,457.79026030048055,395.60189961027095,561.7623168650678,512.3431431924168,509.7778034463859,188.2967428969446,736.5508330017356,24,0.252429774,0.252429774,2.35367e-14,1.33227e-14,1
2.291733039018585,2.2847614222803023,3.0207152197593907,3.067543423706293,0.001832757514254777,3.020842668230821,3.060128074465324,0.0033547312464758004,2.23021703451757,2.2300617765666444,3.020821959714483,3.004630534879264,9.942709803273962e-06,3.0207318008451876,3.0045097268087155,3.010104707736312,3.010104707901823,427.2412103528909,457.4927047619377,394.8034728850577,506.81941474797185,507.0706083968279,503.9406405327174,99.39965591122719,592.0912354170955,26,0.016,0.016,0.0,0.0,5
4.560326346750748,5.846780516438225,5.303384649322417,4.529524819048233,0.01819433382904984,5.398793318754792,5.786118976478541,0.02918152575864407,5.45080095037219,4.102350367329558,5.459013176154447,5.303647978753313,3.0116791108107833e-05,5.303728887560602,4.064897073917042,5.257593205631263,5.2575932070710385,468.93225897980085,468.80837294820554,468.49581612267343,526.7204107592677,525.2601367474075,516.7454681874906,241.20723150707548,926.2899999066838,16,1.3204,0.0936,-1.3471,1.3471,3
3.4583186020803525,3.4961816441753135,3.270341756664729,3.441174392143052,0.00938584521959005,3.285051191245923,3.478815589002042,0.016548506892361318,3.2535606571555613,3.181618242882272,3.299852167021938,3.232736809521198,0.0004954082129010448,3.2706210442934065,3.1589591280860785,3.218991490150659,3.218991490942102,427.5090586998085,457.7202054045318,396.30369509638905,523.7024710109827,527.2501809814969,508.20124406844093,147.7359650927987,564.5509872840827,13,0.1296,0.0706,-0.0712,0.0712,3
2.5628278252192485,2.50967882745135,3.270980032241846,3.6761587536334472,0.014446350087390886,3.27195165170658,3.6196269052757706,0.026049308415897574,2.093852821478606,2.0926691929463836,3.2717937777255615,3.1965344263983573,0.0005498919758757202,3.2711064402365895,3.1956134308656154,3.220099892510689,3.2200998937724843,428.3413700055416,458.2341639745929,397.44345380951074,524.0548786782753,526.3481820712944,508.2172457694622,95.84536948710848,645.6017827831424,14,0.0738,0.0738,0.0,0.0,5
2.241552474800545,3.020308306519474,4.65021416357149,4.306822337888692,-0.007131834526552005,4.649667695994156,4.3386175245183844,-0.013688627274807501,4.592807547922863,4.593473255681862,4.6497564889990946,4.576577271428022,0.00039239720274843637,4.65014306796961,4.57709526660595,4.5929592365309375,4.592959235821267,433.1399945019599,456.5452396849727,423.7657629517334,506.7793302944299,523.4642283809528,513.528478244749,211.263836965253,1050.465141589412,16,0.074,0.074,0.0,0.0,4
1.9908243291292336,2.121828612918505,1.5436645258783295,2.002332261589185,0.01759641235256304,1.5975929340997264,2.0797596431270406,0.032264657949715406,1.5440041879273394,1.5425077388823842,1.545893335693903,1.5418482932330309,2.598721696757209e-05,1.545024342170231,1.5406838883138694,1.5436632060631277,1.543663207658402,428.9876680536345,457.69184021044225,396.7760917569307,487.94082448896825,484.9416344589952,483.46002071824205,65.9874675308963,273.34538344243794,35,0.1469,0.0507,-0.1982,0.0,2
3.296618888070276,3.1846722646595227,2.3108273654338443,3.3151902376849485,0.02931356091290181,2.312873867209704,3.19611838676412,0.05375262958780595,2.3088266372722788,2.3063335852276565,2.3125413405423787,2.3049675393361175,4.374156942780781e-05,2.311093615951784,2.3030276656903896,2.308258568792688,2.3082585714503807,430.8743810315173,459.06205425361435,399.6576096712345,499.4381945886474,494.3383919046504,493.10603373204816,100.3450141445061,409.22073718050507,33,0.0045,0.0045,0.0,0.0,0
0.04004439639278495,0.05138213275932815,0.5290625749780997,0.10094915092965648,-0.01234277321510397,0.5282008107922478,0.15108927681525017,-0.022633489343803707,0.5272244450625333,0.52827424770178,0.528340834893923,0.5263451859788968,-1.7749591660432245e-05,0.5289504591893273,0.5271620499819903,0.5274636537827978,0.5274636526636665,425.0737824489496,455.9074611757209,391.3270838600188,466.9628818136646,478.63163609953034,475.7295021818034,21.81804247811167,108.26100267456745,31,0.00329,0.00329,0.0,0.0,4
1.7626208448519445,2.0394121898337554,2.9591626019962782,2.5711216873955234,-0.01101455414455508,2.9583931001375627,2.6158937035672802,-0.020205152455863046,2.95511247243107,2.956049880941945,2.958518132957762,2.9509739080318136,-1.3677527964390043e-05,2.9590624895649795,2.951703316817904,2.955326070951276,2.955326069951961,425.0028774985746,455.53800700293266,390.96468703855794,480.4228866490268,494.24066432891306,493.7923577417683,128.50854698966847,682.384268138008,34,0.0087,0.0087,0.0,0.0,4
6.091474902428901,6.178171732466412,5.4352764428805385,6.0913329283521325,0.02474204594911758,5.477894919493798,6.173946603630313,0.04523408909045813,5.487411717115224,5.304618265897709,5.519515692127458,5.435034577588944,0.00011967284699722513,5.435700017222738,5.287205638131287,5.402734701943079,5.402734704174781,476.46208133644603,475.89902479000193,476.4506323143296,526.884283354628,523.6407580373784,516.6070064817537,247.28544403298113,953.850494844617,18,0.1911,0.0494,-0.1807,0.1807,3
2.4365303597039523,2.4360005374687215,3.7628007060384707,3.7580754635589035,0.00014143240737688302,3.7628103917450355,3.7575119189669732,0.000257097905788475,2.4318553254571285,2.4318435263124414,3.7628088179590935,3.753294270238259,2.9038780038841607e-06,3.762801966151909,3.753285089182505,3.7586999071558336,3.758699907168412,426.7798512136036,456.8116051098816,393.69914280413553,499.3064341017168,499.50144579233876,499.05764838257767,106.85033921253965,730.5814528147818,32,0.0095,0.0095,0.0,0.0,5
5.125588607359153,3.8145477118213735,5.484200111228936,6.345986627229421,0.02572485269834215,5.48599471838108,6.241570790506413,0.04715964884366784,5.468750238507278,5.46656404493407,5.485703120913391,5.460107659959439,4.725534674243693e-05,5.484433590177937,5.458406556564395,5.468252091000931,5.4682520933314995,481.84811368979393,481.4102420143917,481.5396974185204,521.2820934866828,519.0007230113197,515.477123467885,248.48464541746532,1122.4922965406947,21,0.0229,0.0229,0.0,0.0,4
1.237441634329643,1.2522868995194165,2.3149550854776355,2.1165695685734627,-0.003375939402362304,2.314683698448279,2.132359711676494,-0.0066168094207356455,1.3684329717074084,1.368763575861484,2.3147277948793157,2.2505354123014167,0.0005055374744909433,2.3149197779406565,2.250792659352092,2.2771774696355918,2.2771774692831546,425.4137822524458,456.40483257158144,393.4634380911232,517.9091408023837,527.7592965427318,502.7556974281409,62.585691245925766,419.7012610634234,10,0.0646,0.0646,0.0,0.0,5
6.6254337824700205,6.524130802017301,5.739397373624786,6.634139744848743,0.026535300040333686,5.741249298435735,6.526388988114948,0.04865075489574722,5.73155868355993,5.729302665514462,5.740948387685114,5.719966836852884,4.8391847247718934e-05,5.7396383096190355,5.718211402199953,5.731044625803381,5.7310446282083864,503.94558835006575,504.33891823580484,502.0421574546449,510.5862668884041,506.08845643021226,504.7923847381973,254.150371963795,1011.2557023753445,30,0.0182,0.0182,0.0,0.0,0
1.9206934175286765,1.9004036432157159,2.5745111068452524,2.737662535204939,0.005324218240525227,2.574882025215974,2.716081348487537,0.009753679109687271,1.7416609355640833,1.7412090821557833,2.574821756394749,2.5545646450602773,1.9207597362129605e-05,2.5745593634407182,2.5542130525131483,2.5597805132851295,2.5597805137668233,427.74021091051395,457.7844227605367,395.5360364353129,505.8952598663722,505.6283216255269,500.5928981572323,77.36973551706065,480.38645798402496,26,0.0197,0.0197,0.0,0.0,5
3.145811717943106,3.117764184873637,3.796840357058267,2.984174961545421,0.007620445749926593,3.797353095401652,2.954342246858789,0.013743503024564903,3.7535683441441945,3.752943725397018,3.801097139904909,3.739265860052593,0.0002425268181866247,3.800734421476313,3.7387798367267306,3.7534260181053947,3.7534260187712634,427.72006228637485,457.89472630459017,396.22080846131433,520.1206666695941,520.9030490115705,510.1253536414373,170.8010528819167,331.0835822319371,29,1.065429739,1.065429739,1.5099e-14,5.77316e-15,1
1.882460876753118,1.845455002255805,0.9991474328575021,1.8973763993391433,0.028316141771659815,1.0093520764174837,1.8558354833529145,0.051872988604988485,1.0108526851811241,0.9374371709408325,1.0163812256613785,0.9987253539342166,4.453499938270029e-05,0.9996043345991926,0.9322935945021456,0.9895945631232381,0.9895945656876117,430.48710496208463,459.4859559926804,400.5213993310996,509.22789014271734,507.0534756198903,493.85929041418115,43.91058240080815,177.38712577109078,15,0.07521,0.01009,-0.07101,0.07101,3
2.2043852857177115,2.6008870260379275,2.6500913685959953,2.181956893491875,-0.0021954318301829786,2.6905103543900104,2.5734888640984326,-0.004702690876076129,2.6069560527826114,2.6071765646051075,2.6511397665563545,2.580211645961137,0.0006033997653265062,2.651267818591463,2.5803832288504536,2.6070062987516063,2.607006298516532,425.69900469426636,456.6031144546336,393.8053560429054,519.3390904608924,527.6560919078864,503.747060928897,119.27816516975692,454.38104711747906,11,0.3789,0.0385,-0.3866,0.0,2
3.72249930247705,4.578262329497573,4.815234415006777,3.702422855179659,-0.011672386350444817,4.948305131259511,4.456873167928139,-0.021752279313416858,4.763172622014334,4.764182856926458,4.818339877764008,4.747785443935877,0.0003143141010510695,4.818926524933173,4.748571519816743,4.763402814806256,4.763402813729306,445.02035230835907,456.20637821871264,441.75481251343206,519.4005364691285,523.240018880656,513.9951505760563,218.95795679299468,835.8391052844984,16,0.704,0.1317,-0.8104,0.0,2
2.281711231368324,2.2969254922129596,2.7440268654024793,2.2564172669794775,-0.0036589918386266385,2.7437487327452517,2.2725998917337407,-0.006980417302757509,2.703998548810486,2.7043373705002383,2.7468741992423573,2.685833057450969,0.00035532548328605866,2.7470709542572154,2.6860966986645454,2.7040757529436945,2.704075752582497,425.94860593879497,456.8640654717957,393.78340933242595,515.7636650062867,520.7700498999371,504.20994049824884,122.95847596741471,472.90286841392106,16,0.350498693,0.350498693,1.5099e-14,6.21725e-15,1
2.2592857874199246,2.219357356204422,1.9385237297251885,2.2517587169114432,0.010678333285737548,1.9392536633569513,2.2092889034919683,0.01939510957452669,1.9069661395420412,1.9060769331144825,1.939135059796084,1.8914387153392798,0.00023855464178573925,1.9386186943178465,1.890746813171351,1.9067635243802619,1.9067635253281914,427.84602595778216,457.94458358831315,396.71625824092683,516.2457445678244,520.2925771092948,499.2463969447766,86.21978683425445,334.6257704699503,14,0.0466,0.0466,0.0,0.0,0
1.2638746876984253,1.34747085361428,3.316872603772719,2.509404029665751,-0.02169820228547942,3.315344378116693,2.5983209608085738,-0.03994808225086305,2.001508770551637,2.003370457720122,3.315592692479433,3.2637880542134634,0.0001590418154543565,3.3166737811392646,3.265236655289612,3.274498652702023,3.2744986507173905,423.60784503237323,455.50892794106255,390.0918036092712,510.7913714797468,516.564065307634,507.29322645137563,91.16296800440783,643.0544252465453,19,0.0541,0.0541,0.0,0.0,5
2.977317165525926,2.9260567653911136,2.752392849961765,2.964185801136068,0.013818147304163657,2.753329943879482,2.9096627566973012,0.02500880586115428,2.7118098786837965,2.7106683092333688,2.75612576779591,2.687049153090244,0.00046276623492381183,2.7554628541720967,2.6861608842326286,2.7115497599175433,2.711549761134502,428.26850962081164,458.19314004680916,397.336760438786,521.1972050404872,524.8168917448072,503.81232344174094,123.4650438280414,475.91189480888306,14,0.25016573,0.25016573,8.88178e-15,9.76996e-15,1
3.119552857402479,3.402288566834664,3.5662941287908314,3.0991239335267835,-0.00502846505118373,3.6023150582580747,3.388879438436363,-0.009794398021474224,3.612620172251778,3.351081956638136,3.638576651686639,3.5674460073913794,7.232080477744904e-05,3.566444811596548,3.337805327351441,3.520425394745958,3.5204253942536776,425.893080932077,456.82580957454746,393.53943496061476,516.4940746680951,519.6020448022449,508.9406644338221,160.52353630213494,617.3272291783529,18,0.2803,0.049,-0.262,0.262,3
4.5692662849166314,4.831068593262799,4.127730657565313,4.577399782583842,0.0216155800030301,4.191938801958865,4.784151241871947,0.039614872039337806,4.246724896051564,3.900587671912168,4.251193750508166,4.1276285503941,3.4075486657621524e-05,4.1282268676202705,3.8938989842937857,4.128306264950066,4.128306266908619,430.0709976779484,459.1370113199476,398.9377749547501,512.5530901220235,508.97220426457994,507.7509162462143,184.1267698858364,728.4834320374804,27,0.2938,0.062,-0.3443,0.3443,3
3.2013713395772245,3.3356788849176886,4.68090307683194,3.156055836710765,-0.03468100511757569,4.678447793933035,3.298911847272543,-0.06400168692224092,4.620909063927839,4.623900093851901,4.683553493566183,4.601709137138323,0.00047357184619484553,4.685290395762674,4.604036493334431,4.621590601974763,4.621590598786206,447.2878507476138,454.12849192331447,443.4449913842758,515.65148335584,524.3219754013637,513.9557101366426,213.91094511183576,807.3483646679656,14,0.314467759,0.314467759,3.37508e-14,2.13163e-14,1
2.905068816569251,2.940971671512681,3.6166823746654755,2.8727152393217263,-0.008776182877146523,3.6160260327932376,2.9109032548348903,-0.016614135562580647,3.5603186245772434,3.561118181394567,3.6195224527673457,3.5333106390001543,0.0006933744182579111,3.6199867583836345,3.533932783732967,3.5605008121198347,3.5605008112674756,424.82036507342997,456.11731815025837,392.4213489659145,521.8025196381565,528.4754687385168,510.1784304773557,164.35025603425774,622.2520759009286,12,0.420410638,0.420410638,1.9984e-14,1.06581e-14,1
1.8028518014576085,1.8938363980312976,3.5046181747796843,1.6192353310474297,-0.023547770309173405,3.502954880856288,1.716010954904909,-0.04341061865846303,3.4609216186700484,3.4629478462382064,3.5070524988409852,3.448489572178193,0.00019672271376063605,3.50822913672261,3.450066204109403,3.4613833162172094,3.46138331405717,423.26020372606376,455.2874726785711,389.6734614279964,511.93522553367046,518.3315883461954,508.40703529613927,157.67574148619408,604.5576059340751,18,1.065429739,1.065429739,1.5099e-14,5.77316e-15,1
2.9458413275939512,3.4854719405387207,3.714698891363405,2.9294634410352947,-0.010008659230653347,3.788398167526712,3.410633737549884,-0.018402155793945236,3.8535621803681783,3.353215803372268,3.855112024922234,3.7159644969014383,-1.267979405390538e-05,3.7148077269741764,3.3462287111815185,3.715756687467668,3.715756686557672,425.24384059685246,455.77041467217816,391.3916295482442,495.15413204649985,497.24194068725245,496.95666876408103,162.52339973335575,651.1195780312909,33,0.4398,0.0738,-0.5013,0.5012,3
0.8563966665842675,0.8289956749260347,0.9285490441057417,1.153796756960399,0.007224469766656142,0.9290499629935149,1.124651735034722,0.013206380578194715,0.6146163752317477,0.6140061549660808,0.9289685709857892,0.9065262016990194,6.0144026113385345e-05,0.928614213808934,0.9060513820040155,0.9147277280283529,0.9147277286788719,427.09665177523357,457.42018530351106,395.85718803386385,509.0442744808212,514.1819458254897,494.33555392974023,27.468468292020493,180.10020458315145,11,0.02169,0.02169,0.0,0.0,5
1.0110955817107328,1.0098240730669996,1.0088215356036363,1.0076303703886924,0.00034264083074624476,1.0088447801162277,1.0062779322082607,0.000620223897730858,0.9998760706005689,0.9998477540946535,1.0088410032222144,0.9961560904692986,1.0189282304455918e-05,1.0088245597219585,0.9961340570570067,0.9998696183828957,0.9998696184130821,426.8876404877092,457.43785084608527,394.74993916996476,499.2174373934861,500.9674685034439,493.44835518389266,43.94120539615129,175.59313194703068,21,0.01265,0.01265,0.0,0.0,0
2.0310625381083263,2.1103728035478775,2.5627791567083253,2.5272354694381685,-0.0008536414861893744,2.5627194295046154,2.530710584280455,-0.0015660920201222015,2.5595675039500865,2.5596402637341646,2.562729134303425,2.5567188432657995,-2.2721990319725196e-07,2.562771386180535,2.5567754585249585,2.55958408304237,2.5595840829648053,426.76758688838623,456.99843673744107,393.840290013164,492.2745113002324,499.15941917390785,498.1828360165359,112.38973964933585,643.7707081937805,30,0.0061,0.0061,0.0,0.0,4
0.723319986869658,0.7159098241446195,0.8674131333937093,0.8682372326054419,0.0007318174396079083,0.8674588037670435,0.8655799879603154,0.0012884928157225794,0.8536420436688619,0.8535864079401455,0.8674513829979928,0.8456927870894523,5.056133250471782e-05,0.8674190751234934,0.8456494962628004,0.8536293664751021,0.853629366534412,426.16360311819653,456.874720809197,394.48741514219466,512.6815447197471,513.6439695896953,493.976063913911,38.13547287819238,173.7662166249002,11,0.02169,0.02169,0.0,0.0,4
3.368291529890578,3.343600710712983,4.326306949280897,3.0885118331108066,0.006549200005242716,4.32675832337111,3.0622494819058006,0.011939453030622755,4.326642099220762,4.326092234514185,4.33280481166982,4.321762672592605,1.2279009426507647e-05,4.332485511190508,4.321334816280777,4.32651680668685,4.326516807273027,427.9070633813797,457.9365979806998,395.91313754396003,511.8693978907098,510.92551765152655,509.48144255098225,193.67865633651232,761.5177460450382,25,1.460308757,1.460308757,1.82077e-14,2.13163e-14,1
3.5792571656336243,3.7473810371801592,5.370904378975881,4.909106503186365,-0.012941923962024445,5.369999661922715,4.961745760748217,-0.02374201530626181,5.363327868969713,5.364429996867089,5.370146665238377,5.35570553059689,-1.1963722380335309e-05,5.370786675005704,5.3565631095098345,5.36357900055773,5.363578999382819,497.6557489597824,500.8359963970203,492.4478452762527,488.9480767517024,498.350877840817,498.29558416458576,235.50296095277935,1160.4984579645877,33,0.0158,0.0158,0.0,0.0,4
31.56089181534923,31.50538484154579,4.345804081812143,4.55904415417335,0.014813187236631208,4.346818807553754,4.500004248293041,0.026930915341219993,4.297685715478054,4.2964495748039075,4.3513322744319325,4.284189782413361,0.0003229583357699736,4.350614442946923,4.283227926554249,4.297404047650526,4.297404048968302,428.66776911327565,458.4560748638196,397.7080928790969,84.17155679771508,523.356996517142,512.6750751275599,196.67147600822892,756.8928318010887,17,0.286988727,0.286988727,2.57572e-14,1.77636e-14,1
3.974035908833715,4.422533354518502,3.9384295185017035,3.9744860918007583,0.01385429487950596,4.013794804616493,4.358722737479738,0.025356081133777707,4.077617845512319,3.5752419322780824,4.080237959712398,3.9385881209392153,2.2388662860720922e-05,3.9387551025256484,3.567273128772213,3.9393499011488857,3.939349902402456,428.65838957074,457.76657555329075,396.4043977318034,501.42105492163586,499.2106978255363,498.2722445975757,172.5723772854808,693.6312771867778,33,0.4398,0.0738,-0.5013,0.5012,3
2.8091128154539575,3.754103477262789,3.3913114150401706,2.6074251394943504,0.009425570788254223,3.477266047328022,3.6794365929284805,0.017195018830401178,3.390639133589039,3.389841659390407,3.3959596791364226,3.3857764356622218,1.542959607083373e-05,3.3954965829045514,3.3851559114399494,3.3904574205933127,3.3904574214434517,428.1816930701797,457.71435987933813,395.8896880571144,502.18248832780625,500.7435920115666,499.8169347379681,148.75858695751182,596.7043005078187,31,1.1066,0.0818,-0.9808,0.0,2
2.602643394723371,3.5460370611325165,3.1129813891829534,2.3973940269967358,0.01218287842528142,3.190227917564426,3.4845403676899314,0.022236864656729517,3.1077465465979848,3.1067153042422944,3.118590369058577,3.1017189018207767,2.4968887604033498e-05,3.1179915227888344,3.100916479796545,3.1075115670361457,3.1075115681354912,428.71499120683563,458.35428376123605,396.9670739435547,509.3943315663148,507.7303594470131,504.67846676398375,138.05605875738118,547.6009273220164,26,1.1329,0.0729,-0.9897,0.0,2
3.2493140659599837,4.404529027775348,3.9978948358107247,3.249924773350998,0.00803133364835902,4.168050306201076,4.2416057750041745,0.014591171692211961,4.001303207905275,4.0006265329037065,4.006460050370428,3.995825745911941,1.4552300777689243e-05,4.00606710268138,3.995299216991256,4.001149020294092,4.001149021015454,428.1184570960746,457.99554720327285,396.0713251305494,508.8794773723594,507.6864104224795,506.95863088639817,177.97046587118834,704.1739790349679,27,1.0218,0.1674,-1.1856,0.0,2
4.805308490400341,4.668502839641678,4.988855923376197,6.202548328340945,0.03583209073706013,4.991356874264175,6.057035211857811,0.06569813396498625,3.5981656792326753,3.595119016484409,4.9909505062493835,4.967994132349813,6.257343612267144e-05,4.989181297865055,4.965623487587088,4.979349643511423,4.979349646759286,438.6357912839504,459.936560929135,429.6249772840416,511.18766669221,505.24542347080205,503.4548924945204,159.10907842301538,923.3323226839073,31,0.0192,0.0192,0.0,0.0,5
0.6501467284256262,0.6696165104942353,0.7467559274214315,0.8071060946157324,0.0018100271655679065,0.7468822641875765,0.7997554278527292,0.003318704104381549,0.7455705756838839,0.7454166720142833,0.746861736307121,0.7447419812290885,2.8133091093753886e-06,0.7467723638740248,0.7446222269410532,0.7455355070924431,0.7455355072565104,427.22893187181785,457.4213727515255,394.700127934519,478.60920328009314,484.6692946725523,483.58976266724835,31.799033459565457,150.9238294921887,28,0.00193,0.00193,0.0,0.0,4
2.286950962266563,3.6446053734134787,3.6405090140229817,2.0034406665005253,-0.001446053446692647,3.715689192507663,3.5920122556666922,-0.0031096470213499323,3.6051856368838706,3.6053316036635126,3.644308661754957,3.5917886310677947,0.00013831783280426722,3.644393425206548,3.591902209566724,3.605218896970342,3.6052188968147356,426.54442137556475,457.2364336177094,394.3194754550174,515.1292750840925,517.2984045291006,508.6953821438789,163.0372649907486,632.9425055312283,20,1.578,0.0717,-1.3511,0.0,2
0.8659474625533474,1.5744280966923394,1.7907235259273333,0.7156912807042163,-0.008847545256135077,1.8407041523739367,1.5249283642212312,-0.01626771289394199,1.7905026863462201,1.791257208292839,1.7932047915358322,1.789235077156893,-1.2385421986596336e-05,1.793642945235279,1.7898221797175986,1.7906746122135353,1.790674611409185,425.67057100930197,456.43788603064127,392.31640006205157,494.26014219418005,496.14807393711624,494.6109075560869,77.8610853802083,313.1953992271,29,0.7697,0.0471,-0.6746,0.0,2
1.5643598624894064,1.6837014741633587,2.073139069167481,1.5525533093235877,-0.013336972475248456,2.0886078030374313,1.6689372749145044,-0.024458546319595095,2.0997573794449496,2.0324918494742423,2.1058591201905705,2.074657861685772,-1.8282563675344504e-05,2.0732179111541384,2.0307406063988003,2.06701588053243,2.06701587932304,425.061335645416,456.1541861256256,391.5179631796409,496.57691587493,499.3095042679394,496.6746195095323,90.85382320727149,361.2368132800576,28,0.0615,0.0157,-0.0684,0.0684,3
1.2207352038455048,1.284665833067925,2.836209279156307,0.9523980285279163,-0.016671621945401196,2.8350405601521134,1.0203977423211195,-0.030628318363691506,2.837306603454381,2.838730338990486,2.840489069931379,2.834445205484785,-2.2520766656343767e-05,2.8413158384501394,2.8355530311520973,2.837631016770612,2.8376310152528537,424.5735509032296,455.8661531378754,390.8001619343378,498.9378414144477,502.2209738776853,501.4641799689245,125.08345579415318,496.1777107277394,28,1.307668476,1.307668476,1.68754e-14,7.10543e-15,1
3.2554767717678867,3.419252842656157,4.304797060131521,3.9137484584436675,-0.011032461250617078,4.304026325565431,3.9585921973720364,-0.020237260675102807,4.298846690065501,4.299785600262657,4.304151558682586,4.294209185256333,-1.2803475675823321e-05,4.30469678732461,4.2949397625225,4.299060630760931,4.299060629760016,425.83035101924696,456.40653001161127,399.27097801130805,496.97965903005144,506.7692076140587,506.5713843261949,191.96111159066143,877.8621244627848,27,0.0111,0.0111,0.0,0.0,4
0.7137211324635186,0.5393513672224696,0.7664023648257219,0.8356565689787948,0.0020729200886594294,0.7665470679161954,0.8272372922305903,0.0038008961652311653,0.7653405963521451,0.7651643187941075,0.766523555776116,0.7642262148779579,3.1819086328796695e-06,0.7664211907428261,0.7640890511994426,0.7653004296317607,0.7653004298196795,426.87657433237723,456.63337870540465,393.715389384885,467.8071721957657,476.8009985237771,474.9342657573501,32.060814779165995,197.28590841064604,34,0.00208,0.00208,0.0,0.0,4
3.184471079059465,3.5787676358829046,3.2097864870327686,3.1881098883322183,0.008570271235215138,3.3252843402997847,3.471824922141419,0.01570373730015303,3.2107031280129283,3.2099748221168376,3.2153871978703097,3.2068892352518557,1.4154433554530414e-05,3.2149642679288672,3.2063225317139565,3.2105371757521395,3.2105371765285424,428.1953223683377,457.98632903705084,396.11884869995384,506.06890632358056,504.7064951118909,503.3620988067101,142.24610934788353,565.2554660336161,28,0.3164,0.1128,-0.427,0.0,2
1.872632530821967,1.9255604834215003,1.8214381573439091,1.8552710350700352,0.00435528578817832,1.8313191745049913,1.9112205808924203,0.007580267637170522,1.8200929837016773,1.7514506481042817,1.8409735133181122,1.8059514316473781,0.0001457552336976832,1.8216747177640225,1.7333850562201925,1.7921149788871604,1.7921149792521038,426.7459550584704,457.2467059502704,395.2455374968522,515.597084247021,522.5020835757125,498.80190706939544,81.19702897684672,313.1707356842789,12,0.1047,0.042,-0.0683,0.0683,3
2.016716269187693,2.0513318773474865,2.6842279571783347,1.9641138027226834,-0.008991963560357703,2.683595147528404,2.0009326402075196,-0.016548897385299598,2.6600175852191077,2.660788475042036,2.6870145748598695,2.652855785206019,6.0028656670123573e-05,2.687462233445939,2.653455623807257,2.6601932406814903,2.6601932398596912,425.5797585328369,456.63100002110366,392.75719531024737,508.1986183908455,511.28811143426213,502.9255397531384,119.42333612729423,465.8525493580697,22,0.408158324,0.408158324,1.68754e-14,1.46549e-14,1
-98.49709054025718,-98.56443126910553,5.437329773837506,-105.42740338068829,2.806805944488878,5.438560833042125,-105.49903024161566,2.821507099796656,5.51974983109249,5.518250152615136,5.552258739890223,5.4391033057101446,0.0008102610184895341,5.551387871023151,5.437936387930966,5.519408113367686,5.519408114966403,483.2147514417321,483.21195393540904,482.4153250584749,510.29733052267653,516.3005712786629,502.3427993847664,194.82954873399478,956.413028777385,20,111.4716078,111.4716078,0.0,2.04281e-14,1
3.082535294210153,3.448035183673273,2.958661952094105,3.073652897953581,0.015362346278459477,3.011713114467213,3.417792995303754,0.02765258608679418,2.915267033535106,2.9139865056927072,2.960842315924612,2.8879634928771325,0.0005172063038427754,2.960098708645983,2.886967098830948,2.914975251618208,2.914975252983302,428.5043961362829,458.3294697930988,397.6827862096369,522.4640901395255,525.8721795102177,505.64005735584493,132.85036254200887,511.82258802196236,14,0.4032,0.0499,-0.423,0.0,2
3.96257850044287,3.9601086308615914,5.609963494630807,5.5436219571367475,0.0011481581479201087,5.610008646439145,5.5409948842191765,0.0016873554052903444,3.9407849174071643,3.9407299133952343,5.610001309929337,5.521333492894156,0.0005023804170391526,5.609969368895125,5.521290693613899,5.545559770483739,5.545559770542376,505.7725403000681,506.52409948087876,504.4758548597269,525.3798446640549,527.453356791111,517.0456544256137,182.23726556403432,1052.6065455140988,14,0.0886,0.0886,0.0,0.0,5
1.7347272463155978,1.9760495978976462,2.1292420218600956,1.7280082136531234,-0.007256816925648044,2.196335228175614,1.9109950495592016,-0.013310409825938667,2.1238431465752092,2.124460523528507,2.1304175747520544,2.1222787678558483,-9.227686872483873e-06,2.1307760878440236,2.122759156255187,2.1239838224940892,2.123983821835941,425.93130761177,456.66277569929434,392.795135604719,498.16362667286126,499.80111181024273,496.90980699798416,93.35414049301728,372.0681080689688,28,0.1514,0.0655,-0.2136,0.0,2
3.679945920574371,5.485535714425891,5.060363403380853,3.2890049411179465,0.012703868901162617,5.156300862031941,5.428178986989344,0.02209726554482425,5.006626791294402,5.00560659770014,5.066264787224895,4.98730694252509,0.0004391379755095657,5.065672357011989,4.986513117674413,5.006394329310614,5.006394330398181,449.6164024591797,458.1234166946972,448.28978451718115,526.7602145427209,526.6696415659931,515.6113047910914,229.82135229121397,881.3694943409498,15,2.1842,0.0914,-1.8514,0.0,2
2.4070250204354653,2.4516777102025733,2.2564993082649694,2.4090100473105593,0.006220103939267169,2.2733334340213593,2.445951257919061,0.011403869515819832,2.2833840060604516,2.21445515330432,2.2903628949225543,2.2571108474680144,1.045807289682702e-05,2.256755788160982,2.2118993408064096,2.250263501323396,2.250263501887174,427.8597567836855,457.7901558679872,395.62621775539697,501.71302303865843,500.9230150519478,497.75281028951593,99.08954377092931,396.07761903515046,28,0.0615,0.0157,-0.0684,0.0684,3
-1.2681059977248195,0.2027800926160477,0.7761986867210893,-1.5614228126024394,-0.01981520349100079,0.8020620860038202,0.17249576941503317,-0.03668121287283241,0.7703462103702156,0.7720475518079701,0.7777190132352428,0.7687866771708648,-2.0507562743778604e-05,0.7787069885331307,0.7701105113140808,0.7707338791498923,0.7707338773361947,423.92761520941923,455.7066368151857,390.47784284335773,494.0264965772305,499.1296091190764,492.3271649592821,33.042035158358864,132.36283620033407,20,1.64914,0.02374,-1.39449,0.0,2
0.8929316323761827,0.9823518368467281,1.7145746721031068,0.8588198676359116,-0.023131959798604787,1.7129399769093514,0.9539315282793888,-0.04265328568943741,1.6819557435964279,1.6839471321420907,1.7132055910179165,1.665760867684522,0.0002480506989512765,1.714361997749659,1.6673103909551932,1.6824095027009955,1.6824095005780964,422.90963177951795,455.0313594796286,389.55145311510387,508.68087184233224,519.6182481345571,498.50915207311954,76.38490565183042,290.2873618335967,13,0.0499,0.0499,0.0,0.0,0
2.1257710297728245,2.0974904763487348,2.1633639607087365,2.1062063674278937,0.0076276304503156735,2.1638809589087833,2.076125801005483,0.013801558401314865,2.133385653891329,2.1327558457793123,2.166626254247511,2.118469506183035,0.00025325848547803935,2.1662605223354596,2.1179794449502576,2.1332421454004415,2.1332421460718423,427.57825912005495,457.81676953126214,396.1758392160514,515.2116061994249,518.6678543690233,500.8602014655692,96.29236465866065,374.19228130945817,16,0.312021915,0.312021915,3.55271e-15,9.32587e-15,1
2.2147786041011424,2.850932337373964,4.547059538472312,4.14269976390917,-0.011195558238416885,4.5462766101023835,4.188252976344943,-0.02054448427418932,4.537306789399083,4.538260554109415,4.5464038245346785,4.529179765936877,-7.3201475427342364e-06,4.546957679247726,4.529921901677599,4.537524114853662,4.537524113836911,432.0253593675777,456.2519197782253,420.214288727511,500.94892216251617,504.1147979532229,503.49175540793175,201.46756145313674,905.596685642633,29,0.0184,0.0184,0.0,0.0,4
1.7520245680383122,1.7281628096852755,1.8048047947692418,1.732184783173456,0.006388934845805545,1.8052410127573935,1.7068042612179484,0.01159819559281443,1.7793898787584679,1.7788584772419431,1.8079130037014657,1.7681669027602742,0.00015925111305356584,1.8076044168652576,1.7677534128776904,1.779268793259192,1.7792687938256873,427.4126993900133,457.71998361447595,395.9327862595754,512.8861034528046,516.1407715838876,498.5944073342353,79.99709876752073,312.13100666776285,16,0.287662156,0.287662156,9.99201e-15,6.66134e-15,1
0.13638270753243192,0.21318860310307533,1.1307426207209814,0.426467957025191,-0.020103769795459143,1.1293385283339779,0.5081624277344329,-0.03687126576182842,0.8141009463568994,0.8158114141598346,1.129566672852382,1.1195755891131858,-2.1925257658548757e-05,1.130559947864459,1.1209065245904206,1.1212584310670046,1.121258429243578,424.07226075539444,455.70766053143353,390.3753015592233,493.66831564326264,498.2407560637543,493.25124911247303,35.585739999683504,211.40779267423318,24,0.0121,0.0121,0.0,0.0,5
1.9083523505564153,1.8143245892110567,1.0921168143750979,1.917804917367592,0.024670495131015255,1.0938357405446464,1.8177924360598419,0.04519769681743939,1.07867217631807,1.076578177450296,1.0935564401319713,1.069284650369676,8.578230987310803e-05,1.0923404472047102,1.0676552847787963,1.0781950363579773,1.0781950385902634,429.5930027186789,458.87956343425157,399.5219849601922,513.6259744217166,515.6212892869994,495.2973614768668,48.22815565007787,191.8619662057224,11,0.02169,0.02169,0.0,0.0,0
4.046918659025918,4.337191704496057,3.6354779105949087,4.037083947290561,0.02348740961468856,3.680298104347148,4.337616025705952,0.04273428110163034,3.592094009875011,3.5901202870107793,3.6404348465111624,3.5773013506946643,0.0003461840548666385,3.639288698306302,3.5757655733022298,3.59164427608424,3.5916442781883067,429.910646980099,459.18126534788325,399.52491427358865,524.5745790143818,522.914615223207,510.0493967671846,163.6726250865733,633.3426038106645,17,0.3971,0.0455,-0.3789,0.0,2
3.2433328201708007,4.509747331339919,4.41900842088086,2.9636392490366967,-0.0007585103763818198,4.5390496562427165,4.39695835881465,-0.0015404503475609484,4.424796955918853,4.424868543103876,4.431959204638671,4.417947467848477,5.3530414938369625e-06,4.432000775583149,4.41800317069427,4.4248132678219445,4.4248132677456296,427.6295597020923,457.19959005331845,403.87318622518313,505.69894882638437,506.16055665680705,505.43359611283427,196.42554561691713,777.500498382069,28,1.4264,0.1166,-1.2632,0.0,2
4.129407712094943,4.26131947528111,3.9511681299821495,4.130576089979433,0.009035514244822648,3.997698611150186,4.2258927308275345,0.01656269162972841,4.031691136655307,3.864523083393096,4.0371961671630405,3.951549198146109,1.6011230257114502e-05,3.9514501557783257,3.8592515667067278,3.9559161275335164,3.9559161283522917,428.0521944574572,457.5554227649076,395.56702104519474,501.8216406080251,500.45505215231196,499.6678636456548,173.92291312125582,696.0880345972206,32,0.1314,0.0453,-0.1664,0.1664,3
0.7515250186323783,0.8867911919107652,2.256692494903075,0.7068740256439066,-0.03507427004784018,2.254219687279283,0.8507496793126873,-0.06460422992892069,2.2168356299307845,2.219848008505371,2.25754010542443,2.1998895427526195,0.00033106596180786584,2.259289404861647,2.202233510589313,2.2175220324952662,2.217522029283951,421.3673352762159,454.1594245474949,387.13487387742856,507.5314635212305,519.0337257849592,501.14424552113434,101.00218642079173,382.90118496682805,15,0.330799835,0.330799835,5.77316e-15,3.55271e-15,1
3.4855698194811366,3.544106496490458,4.020693291985275,3.464360809982914,-0.015301558186724911,4.019623180089064,3.526623254940097,-0.02808070083386303,4.00208451349841,4.0033881256830135,4.019797057652577,3.992604342472072,3.574820667972479e-06,4.020554070094544,3.99361869872132,4.002381555428714,4.002381554039012,424.7167661157133,456.1478254825383,391.40019758441497,508.7946286537191,512.3854274609512,509.224979027264,180.69533842147106,701.6938755954455,23,0.0288,0.0288,0.0,0.0,0
4.57643858347941,4.582178657499882,4.69200820006555,4.553378658014254,-0.0008722816446738763,4.691903265487637,4.559484078769397,-0.002125397271668928,4.62708772736314,4.627215558849585,4.6919203158248965,4.605177925281176,0.0006285311934312626,4.691994548044307,4.60527739249133,4.627116855129769,4.627116854993496,432.6449327040206,456.9442706792833,422.49426796427457,523.945274322561,526.9559967195057,514.5071377129661,213.6670594722698,812.3223766140774,14,0.0869,0.0869,0.0,0.0,0
3.6876263784829053,3.8866083974970613,4.27254790391873,3.6724691952597026,-0.01397327602125228,4.308672024581035,3.848948896301545,-0.02562857522077294,4.3411575101737325,4.196746328090652,4.34543059072923,4.2740963402930765,-1.749164351024044e-05,4.27262094171319,4.192321373748184,4.2717283950066545,4.271728393739328,425.4098992273709,456.1607319792049,398.6537288867078,503.7990972305792,506.48678395199073,506.3993903935345,190.7037269021932,749.0984147608051,27,0.119,0.0364,-0.1456,0.1456,3
1.6166197286953496,1.560650823467559,1.123642864877233,1.6259645898306339,0.014655425633143922,1.1246660352101272,1.5664333513132132,0.026873997992422297,1.1227624850801885,1.1215160571901628,1.124499784965482,1.1208930053542645,2.1668089081303637e-05,1.1237759796559674,1.1199231448893066,1.1224784732008806,1.1224784745296221,428.9870254152363,458.29593060828984,397.09856245788245,489.6687942756093,487.2791007588357,486.2679532552049,48.29052118335356,199.10831306145764,30,0.00207,0.00207,0.0,0.0,0
4.225798959341578,4.246505570945134,3.214679352222561,4.213133650801667,0.03640340157988109,3.2342380325275917,4.2374799685640285,0.06507468478428567,3.222559039959504,3.0642638713093553,3.250238532865537,3.2015456484632066,0.00031123366705765613,3.2151992272954217,3.0318150718747763,3.1677765588597304,3.167776562052699,431.00915616181373,459.6759136421691,401.6777915891967,561.1286601490734,533.0354714811141,507.78151324768965,145.2401774374803,557.7383271954199,10,0.2136,0.0633,-0.1552,0.1553,3
0.8555084309018937,0.5528222371821674,2.204647838459739,1.6013358111226914,-0.014786221374495307,2.2035550485960758,1.6649177308985716,-0.027503068434725098,2.166634635508716,2.1679658740329546,2.2037326109982867,2.1407739576322062,0.0004882474637807558,2.2045056661583846,2.1418098102671,2.1669379723949502,2.166937970975797,423.73028678320685,455.4206534530729,390.99196306179914,522.8905645583637,526.7886284551809,502.1070712195067,99.16855029145239,463.8346569968349,10,0.0646,0.0646,0.0,0.0,4
0.6658472264117903,0.7048654526704755,1.4204608434750032,0.5965450575633775,-0.010034685771878084,1.4197475493452079,0.6380467329039758,-0.01855275520582724,1.398050023019634,1.3989189591767777,1.42257044522988,1.3865317855162287,0.00013028560921805375,1.4230750396867298,1.3872079151440473,1.3982480193842564,1.398248018457936,424.8859597165226,456.2156778411629,392.37097746605156,508.54187278045384,516.0638136215564,496.37425114856836,62.78031183173971,242.7988209324717,14,0.472283565,0.472283565,9.99201e-15,9.54792e-15,1
5.149009936812919,5.560456762921198,5.273133162144028,5.144131541941061,0.0069984558650710085,5.358920410138116,5.485581935213242,0.012801850571197707,5.433428224071004,4.994634657711949,5.43844123945107,5.273609403549611,1.3966262438388387e-05,5.273396553259698,4.986347542458742,5.276692973649797,5.276692974282563,476.5086327733261,478.1338052673882,473.0660544134733,503.91284955608427,502.8157906581646,502.2347586176595,233.08896453051753,928.4331431035574,31,0.3692,0.0847,-0.4381,0.4382,3
1.9214421380110591,2.0719485524306096,1.4970495020555366,2.46918221443493,0.0292256332203996,1.4990760631237063,2.351270576029565,0.05337010784528952,1.4780448834683122,1.4755761232286932,1.4987467765303213,1.4688029258337898,0.00010895783012922981,1.4973131582811998,1.4668819539323852,1.4774823501353969,1.4774823527671932,430.67351181406787,459.6281619229615,400.71761114302944,522.1687538513453,513.4348275732541,496.91028741965914,66.05073651725195,336.39189810370823,16,0.0269,0.0269,0.0,0.0,4
2.141594465033333,2.814735720314263,3.9526717192833787,3.3213181686676982,-0.015923824646945303,3.951527726403294,3.3878792395051507,-0.029264486593465592,3.898948526640316,3.900342140768762,3.951713608548301,3.88603186100048,0.00024128967263449953,3.9525228854536527,3.887116248839843,3.899266076472775,3.899266074987127,424.24534430850724,455.869303604421,391.2179010459076,503.0147265655496,520.8581208309663,510.52663841720164,178.77970582016653,939.1374717903159,17,0.0674,0.0674,0.0,0.0,4
1.1103496463453273,1.0828647854008182,1.3384749420085627,1.552168484797778,0.0073231006947116414,1.3389773941149186,1.5229342554369134,0.013323321011124727,0.8678293109562865,0.8672172229210589,1.3388957529815524,1.3041410808337812,0.00013684629939588692,1.3385403111839698,1.303664807804919,1.3167334994704252,1.3167335001229354,427.19979416338936,457.5120223579384,395.91180125320494,512.4900418909144,518.3337576604232,496.1367646459868,39.023310835614645,246.75282156219362,12,0.034,0.034,0.0,0.0,5
2.666859288822544,2.5431384675298663,1.5968328534726666,2.678404786736059,0.03251358629568508,1.5990945999440829,2.5468093286514417,0.05952308024882609,1.5751741194819937,1.5724188559725778,1.5987270991554952,1.561930005092786,0.00016525833428039587,1.5971271073924853,1.5597861015667915,1.5745463033254716,1.574546306262692,430.89553299084054,459.69995369818565,401.27524791649677,518.7278667668579,519.1227508479919,497.856003136799,70.76431918280463,279.7131519972272,13,0.0334,0.0334,0.0,0.0,0
-0.32169649745562295,-0.23283638948116622,0.8490497010206299,0.04424248568623754,-0.023267157164299484,0.8474252449787042,0.13875840056756847,-0.04266620838247612,0.4623854461343777,0.46436436132736386,0.8476891953745502,0.8461290930575573,-3.359077337168032e-05,0.8488383587840218,0.8476689106631647,0.8463836870873986,0.8463836849777965,423.65061729964754,455.3936277102712,389.5322611510773,487.0893878036354,491.6803479441869,489.84723748742954,19.75773375973337,170.42123921271758,26,0.004,0.004,0.0,0.0,5
0.8186401859335439,1.2678108910182406,1.7130518618315005,0.8049215254918061,-0.017319776178060187,1.785542191889346,1.1892038924727308,-0.03177201058421961,1.7108158556147455,1.712289477655137,1.7134387455983007,1.7099556435708476,-2.477278802813091e-05,1.7142944833955598,1.7111022865244458,1.7111516361026746,1.711151634531735,424.4607367422686,455.73061140815076,390.54028884866926,492.1096620952923,495.54050893875853,494.10477608853,74.45055733267277,298.13276261493104,29,0.3118,0.0716,-0.383,0.0,2
1.3156584869585946,1.3293451285883935,2.1641994898090555,2.0325554874138554,-0.0035825572016345403,2.1639492836344743,2.047113262379256,-0.006570488096987735,1.4364263862435858,1.4367311878433087,2.1639899384857713,2.1560657427241625,-4.01668189783521e-06,2.1641669379078747,2.156302912498357,2.158320126957952,2.1583201266330216,426.457193197185,456.97021080758367,393.5671680315256,499.17881546650426,500.1243263806367,497.4524230309202,63.199230548313885,434.28376886158793,28,0.0083,0.0083,0.0,0.0,5
1.4413501187107218,1.3366500056711141,2.3801264043994896,2.1485861106846587,-0.004607609513880596,2.379767679755056,2.1694578284068338,-0.008760149982947555,2.3406564173367057,2.341093416326304,2.3798259672737414,2.325664763896243,0.000305829072872375,2.3800797342116087,2.3260047980423257,2.340755992214069,2.3407559917482104,425.78478058221094,456.7701873799297,393.5406526151441,514.1705819238488,519.0860879436651,501.9967306997919,106.19625788303254,457.0282754168974,16,0.0547,0.0547,0.0,0.0,4
4.547377552557855,4.593297671199634,4.117659725631758,4.547022362214424,0.016353571205381928,4.143792782917477,4.589897558336259,0.029863509834470017,4.1361807847438765,4.027000492375624,4.169608677646935,4.117806850219915,0.00011715014001306242,4.118007136737254,4.014932828201662,4.083266270416463,4.083266271887909,429.1122427866426,458.7375937093279,398.0891954294415,520.7221489843974,519.1089563593887,510.98472621800937,185.57433326392936,719.9123065642694,20,0.1292,0.0454,-0.1079,0.1078,3
2.355474645021739,2.3284412831583285,3.3929665181975235,3.5762911516628395,0.007342386976860602,3.3934607164267807,3.547537158593499,0.013244040523563108,2.1169382376866466,2.116336204538944,3.3933804164279673,3.33233814142428,0.00027418256049765137,3.3930308135409515,3.3318696922237905,3.3491257564439065,3.349125757085698,427.6828775371991,457.87213282122366,396.166966604123,518.8689938103472,520.3840038894793,508.5602469170655,96.33535196877443,630.1305304328587,18,0.0603,0.0603,0.0,0.0,5
0.2845699251052413,0.4686711076643406,1.232936470362184,0.24706909746763392,-0.024922318555131055,1.2404741555616896,0.4444060645376561,-0.04616878185467255,1.2379926433112654,1.1524394982851853,1.249360505993582,1.2305074645369218,2.0004386857875846e-05,1.2329071926581823,1.1373779580968504,1.2093818270984895,1.2093818248098571,422.45807067848654,454.7084496687304,389.04746531017446,506.22081334563615,518.9574375037269,495.6683764022679,54.66913440154976,207.03088288927322,11,0.1171,0.0316,-0.0877,0.0877,3
4.191944834492269,4.855055583549684,4.418501987145385,4.067530678334807,0.011497287673439228,4.518602500614102,4.770054310050443,0.02103227956230643,4.424258167065734,4.423282980157288,4.432272428859929,4.415170075021399,2.8250302762143934e-05,4.431706134196796,4.414411270411829,4.424035960334995,4.4240359613745825,428.2206819423576,457.41915013570684,395.6886221351297,499.97124021767274,498.36598270822054,497.1021307822273,193.3185076989707,778.426761389788,34,0.7456,0.0958,-0.7069,0.0,2
1.0759245533529431,1.2162678466962704,1.7625686742451276,1.5502138370409677,-0.00604962128717363,1.762146224469353,1.5747932814938932,-0.011094848526705559,1.7598862544297094,1.7604008834858227,1.7622148663917339,1.7587493767770546,-8.449300881606952e-06,1.762513713397827,1.7591498158073724,1.760003518145118,1.760003517596503,425.97417357014854,456.4338339258508,392.6489134778165,498.31362370831147,493.0207826868729,492.59640972619684,76.32388297952339,431.7185816633338,31,0.0041,0.0041,0.0,0.0,4
1.8921369958777037,1.9130181835562146,1.1910895483647768,1.9064717660598403,0.023633608348221567,1.2097193913797593,1.909088757971542,0.04333402662875001,1.2242814322065063,1.1111215905585163,1.2262413159713463,1.1908532876063498,3.496115311535951e-05,1.1914941934544805,1.1082894057558152,1.1898334683658984,1.1898334705084694,429.8514142399748,458.2067901647607,398.04412435352515,484.0161087460937,480.28965234745647,478.40280950461255,50.64446241913645,212.09916624104704,35,0.09794,0.01631,-0.11113,0.11115,3
4.639618560404798,4.785390583983205,5.028248055019628,4.6114858014253,-0.006143458058524391,5.054969602958287,4.760623633374818,-0.011968512834085985,5.021154709176302,4.902137560314695,5.082447344434649,5.000865969036218,0.000531058886388754,5.028385808257546,4.880019492485593,4.9625875180202765,4.962587517398934,457.73939481594806,458.8367337434051,456.05041119783607,524.1802375404751,528.0746036707325,515.702187149107,229.9240904531188,870.7913033628962,13,0.1809,0.0868,-0.1196,0.1196,3
2.2663164345223756,2.293041033605096,2.6418855610297545,2.2393814874739313,-0.006995544693063717,2.641397007308208,2.267807065494455,-0.012829792233478094,2.6456684203557708,2.646263577354302,2.6487760581569066,2.642975894232642,-9.035127176474723e-06,2.649121668038536,2.6434389930191324,2.6458040332211348,2.645804032586674,425.57788028998334,455.8728262509145,391.8075944530512,491.70239807260236,493.2104857376926,492.9971347059717,114.74305873061317,463.5335385522754,34,0.16166201,0.16166201,1.06581e-14,6.21725e-15,1
3.0794072682648412,3.0340436588521036,2.6821670147578134,3.084883823103065,0.011879358848148157,2.6829963091518203,3.036632890894016,0.021782688953171554,2.6791288098274313,2.67811856194543,2.6828615609173827,2.6755159787543406,1.8486123056101603e-05,2.682274906216562,2.6747298927814573,2.678898614080184,2.6788986151571486,428.5896695125301,458.0636345378785,396.51521952097704,502.1095035800348,500.20999370081,498.88485783121354,117.75210742562601,472.1611663891787,30,0.0061,0.0061,0.0,0.0,0
5.0164934730740445,4.697301130690782,5.361395282465006,5.879356719166878,0.01544410102743658,5.362472755780139,5.816665963916131,0.028314160255869355,5.355905497162336,5.354592917284321,5.3622976820935,5.347479340582715,2.7670132549474893e-05,5.36153546207863,5.346458006463851,5.355606411847509,5.355606413246772,477.718321384456,478.8409947387741,474.8419517950188,505.32392243327024,503.5032716743912,502.8108339661247,236.74906391443864,1166.4028293931494,31,0.0132,0.0132,0.0,0.0,4
3.719261485955635,3.982592247756052,3.6179874145641437,3.720086554517663,0.010397574350304651,3.6781126098755252,3.933992431344227,0.019049856208736546,3.7272288999362138,3.423245465738835,3.731494776222558,3.618405548620025,1.7194903135315535e-05,3.618281762699845,3.4176181378935118,3.6212276000386017,3.6212276009803777,428.37631459502416,457.9389062814161,396.2020013623099,504.47792073168023,502.986977741736,501.8326552985878,159.8942064076441,637.5048623983089,30,0.2554,0.0587,-0.303,0.3031,3
1.618483018902793,1.7094143129779422,2.463964968654134,1.5844922259920942,-0.023464664205356468,2.4623026491563573,1.6812111547303599,-0.043315876085562255,2.4208406506546236,2.422865691175786,2.4625727518111145,2.4050695195822116,0.0003104392248043064,2.463748700370136,2.4066452278579415,2.421302077720475,2.421302075561701,423.11301474738815,455.2082609047929,389.6183358250962,510.17695926808295,518.7256039443563,502.09733835780787,110.25328239081072,420.58247042469134,16,0.06,0.06,0.0,0.0,0
2.7200315368951835,3.0763459961135293,3.4375016147267554,3.7843099876280433,0.012301209201239874,3.4383274435197717,3.7362606948846606,0.022251352970378016,3.3938627336587346,3.3928567075779257,3.43819325839491,3.376652881489265,0.0002811631743447608,3.4376090553097365,3.375870080550438,3.3936334998938853,3.393633500966349,428.36256663520476,458.2694821634452,397.1647920596225,527.9521182121055,520.7758983311013,508.8221211963522,154.44120374102692,781.4782463859003,18,0.0603,0.0603,0.0,0.0,4
-61.42415262740622,5.212114179128956,5.4425317175669745,-62.23958229825677,0.6980983056153977,5.614998162743457,5.040334830652503,-0.024517139520577328,5.431549581321083,5.432686839440766,5.493849851775879,5.403152030838947,0.00034127926077311013,5.4945102617939,5.404036944998488,5.431808717704675,5.431808716492313,499.4866448835585,500.97144388488044,497.38107685234684,517.1083066433708,523.0267996732882,510.5728122275201,215.8790183501824,942.1784125195413,12,67.2219,0.1697,-66.5852,0.0,2
4.679390980556201,4.74434835025286,4.510707277784779,4.678610638772547,0.006979965057197706,4.541594333031005,4.72307224671602,0.012795777992420824,4.56060230210671,4.468408970553439,4.5660151936626745,4.5112836472643165,1.3352205217664267e-05,4.510970643823892,4.462521968878638,4.513367105188505,4.513367105821019,429.0282377294582,457.9135743229439,407.14547446474586,509.3621245088024,508.2355628841772,507.6546064130287,201.5778019210511,794.4282247421008,27,0.0722,0.0298,-0.0916,0.0916,3
2.47399024341818,2.1583942584868887,5.420014103163418,4.656387969007648,-0.01841961938267625,5.418644796967009,4.736058470742449,-0.03479756292052315,5.355346951964789,5.357015043169469,5.41886728923719,5.332323957395466,0.0004726069696759716,5.419835956001119,5.333621919134214,5.355727044324475,5.355727042546223,502.873556338768,504.8293402541773,500.21996786645633,504.97907813514166,525.7818635979465,515.9287182591271,247.92066924542732,1358.1693563774977,14,0.0886,0.0886,0.0,0.0,4
5.706934184010842,5.764273726693257,5.509420359048771,5.678339165788877,0.011663790393549494,5.532743565731452,5.735060747230459,0.02014723429635146,5.48036145644002,5.382680444793605,5.5551260552016215,5.446739814476193,0.0010907230437575699,5.509714448463259,5.347354288765589,5.431260708546466,5.431260709485659,487.2122388270006,487.21652356886716,486.8360178838393,531.7904402345324,533.9946277395976,517.8410849647148,252.89221147018972,954.454118412684,10,0.1876,0.1114,-0.0969,0.0968,3
0.5608077110948186,1.4028267653195103,1.6816487009011283,0.4116916967072781,-0.009311054583448093,1.7059699428190018,1.3900339571683393,-0.017784878848412265,1.6549162754175544,1.6557431397009916,1.6837802311000245,1.6406997109930843,0.0001877325712020417,1.6842603942634047,1.6413431039922373,1.6551046852573463,1.655104684375876,424.95886022272595,456.25673335049794,392.4777211316246,510.4667592178697,518.0978980568726,498.01401416819886,74.4348919638866,287.68007981523374,14,0.93535,0.0215,-0.80489,0.0,2
1.6464591292008193,2.1077256528453865,2.6271166286322623,1.596622775514834,-0.016864415988563166,2.6555052070262612,2.082107059757117,-0.03157311154565609,2.5838802806664543,2.585356036586808,2.6291020453550233,2.5598215742886117,0.0005020903405545852,2.62995902230431,2.5609698776397583,2.5842165473816756,2.584216545808461,423.7771466424715,455.5385126194589,390.8250183610658,514.7530729736501,524.0984389627071,503.8833928755291,118.16299171110859,449.0880652790083,13,0.4333,0.0479,-0.395,0.0,2
3.6553617182159486,3.7336280903143106,3.2657162595441678,3.659190065265143,0.014651047368156728,3.3012387849705127,3.7109963494205154,0.026860138333947414,3.328215753926063,3.192770111662324,3.3328726395137687,3.2659368285381776,2.4363514205883057e-05,3.2660492904203595,3.1861675793784396,3.2673319210600775,3.267331922387982,429.0657036554266,458.49515790148536,397.3966220330793,507.6863683719686,505.58833865992295,503.857444000461,144.9376312597477,576.0918569333378,28,0.1106,0.0338,-0.1342,0.1342,3
5.065588847983609,5.125456416376933,4.919064234430494,5.060980484422933,0.00713096339184721,4.943458415653683,5.119527480819713,0.013027613854191038,4.937560649028239,4.849958636597361,4.966278118418107,4.919635868957166,5.630220253063231e-05,4.919328527561428,4.840267435876685,4.892323474079547,4.892323474721317,444.78284268263104,457.97211244508446,441.54691543547057,519.4489298397053,518.8739837930683,513.3902334881096,222.8607841268141,861.6100588233253,20,0.1017,0.0383,-0.0869,0.087,3
0.6713877993799047,0.6967267292683978,0.9046232881582695,0.663398874168692,-0.006622324905053429,0.9041600659240008,0.6903505873177834,-0.012154066987360657,0.894972913649309,0.8955372117857097,0.9042353327757617,0.8920610825079429,2.84946462661182e-06,0.9045630228014299,0.89250016964433,0.8951014949940395,0.8951014943924752,425.8406089094508,456.82498164462595,393.2862354094627,497.97752660503227,500.89260106068593,492.88421348329945,39.323953163924,156.17992398674585,20,0.01287,0.01287,0.0,0.0,0
1.7188355198327574,1.6177692162429604,0.9779063352985313,1.8867857748408587,0.02646407089390758,0.9797539334080085,1.7792867590821801,0.04852785682058959,0.8270488052259706,0.8247980579758064,0.9794537256832229,0.9747486734626051,3.9044772915292404e-05,0.978146708387573,0.9729973400786082,0.9765439443459485,0.9765439467453344,430.75672061547766,459.48373411777806,399.87913907413736,491.0299914127363,486.70334348091666,484.948968129617,35.79103829351983,182.4258552473712,28,0.00193,0.00193,0.0,0.0,5
2.9087540682862296,3.4711780041200804,4.403538080316979,4.255091408238186,-0.003846737736339378,4.403268800608488,4.270758940846193,-0.007062005970282033,4.395585543932437,4.395913580944549,4.403312554630643,4.388017006902588,8.618322637594106e-07,4.403503046943102,4.388272256429364,4.395660290661901,4.3956602903122,427.19810128444715,456.9473574973597,403.249778696095,510.7689541234707,505.9917868057645,505.38736148807044,195.71576855799992,992.3865740246295,28,0.0157,0.0157,0.0,0.0,4
5.236287852827399,5.294180872973597,5.163477933116983,5.230211223131737,0.0037275562483262835,5.190437651620451,5.276999991228116,0.006828562187488475,5.203028604113499,5.130512214578083,5.2101954511545525,5.164105359604836,1.235691041109938e-05,5.163711722575113,5.121759173119132,5.16445651138574,5.164456511723024,469.3123026724557,470.72118656659893,466.471453105788,507.42696645150494,507.01691452784513,506.3750884428201,230.17656051717245,908.6272562625852,28,0.0613,0.0261,-0.0721,0.0722,3
1.7409200978211008,2.46261857412576,2.2247618317265823,1.6141199381620037,0.007947700288327808,2.2554865257050407,2.4564916073689202,0.01385564026420044,2.1931641993530686,2.192525016230323,2.2281012705921057,2.17571319163565,0.00029907447675150826,2.2277300945764718,2.1752158355947757,2.1930185546660668,2.1930185553474613,427.5153797023575,457.7486718716307,396.15872363186094,516.3537077159237,520.330041323634,501.454328088152,98.98182984184524,384.38865505639234,15,0.8693,0.0266,-0.7504,0.0,2
1.9419890241909712,2.4277761777843474,2.6237384039243477,1.9007457982109777,-0.004850806266785182,2.6538688157952564,2.4145678989591906,-0.01220874907020554,2.6673467874313546,2.2078188405119685,2.6767451170120076,2.624950428179911,8.715466562476686e-06,2.6238773103626105,2.1776955495312427,2.5821771358227767,2.5821771352129455,425.5575617727173,456.63735422907064,393.2070814092114,514.5035804264081,519.8650783559965,502.84918661213317,117.27755559365737,451.0174849777014,16,0.4915,0.0356,-0.4601,0.4601,3
